BATCH,ADD,PATH,81999765,LAKESIDE,All,ALL,ALL,LG,ALL
BATCH,ADD,PATH,81999800,LAKESIDE,All,ALL,ALL,LG,ALL
BATCH,ADD,PATH,81999816,LAKESIDE,All,ALL,ALL,LG,ALL
BATCH,ADD,PATH,81999812,LAKESIDE,All,ALL,ALL,LG,ALL
BATCH,ADD,PATH,81999822,LAKESIDE,All,ALL,ALL,LG,ALL
BATCH,ADD,PATH,81999773,LAKESIDE,All,ALL,ALL,LG,ALL
BATCH,ADD,PATH,81999754,LAKESIDE,All,ALL,ALL,LG,ALL
BATCH,ADD,PATH,83266245,LAKESIDE,All,ALL,ALL,LG,ALL
BATCH,ADD,PATH,83266300,LAKESIDE,All,ALL,ALL,LG,ALL
BATCH,ADD,PATH,83266295,LAKESIDE,All,ALL,ALL,LG,ALL
BATCH,ADD,PATH,83266260,LAKESIDE,All,ALL,ALL,LG,ALL
BATCH,ADD,PATH,83266264,LAKESIDE,All,ALL,ALL,LG,ALL
BATCH,ADD,PATH,83266294,LAKESIDE,All,ALL,ALL,LG,ALL
BATCH,ADD,PATH,83266307,LAKESIDE,All,ALL,ALL,LG,ALL
BATCH,ADD,PATH,83266309,LAKESIDE,All,ALL,ALL,LG,ALL
BATCH,ADD,PATH,83266299,LAKESIDE,All,ALL,ALL,LG,ALL
BATCH,ADD,PATH,83266286,LAKESIDE,All,ALL,ALL,LG,ALL
BATCH,ADD,PATH,83266253,LAKESIDE,All,ALL,ALL,LG,ALL
BATCH,ADD,PATH,83266302,LAKESIDE,All,ALL,ALL,LG,ALL
BATCH,ADD,PATH,83266320,LAKESIDE,All,ALL,ALL,LG,ALL
BATCH,ADD,PATH,83266285,LAKESIDE,All,ALL,ALL,LG,ALL
BATCH,ADD,PATH,83266298,LAKESIDE,All,ALL,ALL,LG,ALL
BATCH,ADD,PATH,83266304,LAKESIDE,All,ALL,ALL,LG,ALL
BATCH,ADD,PATH,83266324,LAKESIDE,All,ALL,ALL,LG,ALL
BATCH,ADD,PATH,83266293,LAKESIDE,All,ALL,ALL,LG,ALL
BATCH,ADD,PATH,83266318,LAKESIDE,All,ALL,ALL,LG,ALL
BATCH,ADD,PATH,83266230,LAKESIDE,All,ALL,ALL,LG,ALL
BATCH,ADD,PATH,83266316,LAKESIDE,All,ALL,ALL,LG,ALL
BATCH,ADD,PATH,83266305,LAKESIDE,All,ALL,ALL,LG,ALL
BATCH,ADD,PATH,83266243,LAKESIDE,All,ALL,ALL,LG,ALL
BATCH,ADD,PATH,83266317,LAKESIDE,All,ALL,ALL,LG,ALL
BATCH,ADD,PATH,83266285,LAKESIDE,All,ALL,ALL,LG,ALL
BATCH,ADD,PATH,83266323,LAKESIDE,All,ALL,ALL,LG,ALL
BATCH,ADD,PATH,83266311,LAKESIDE,All,ALL,ALL,LG,ALL
BATCH,ADD,PATH,83266262,LAKESIDE,All,ALL,ALL,LG,ALL
BATCH,ADD,PATH,83266327,LAKESIDE,All,ALL,ALL,LG,ALL
BATCH,ADD,PATH,83266306,LAKESIDE,All,ALL,ALL,LG,ALL
BATCH,ADD,PATH,83266310,LAKESIDE,All,ALL,ALL,LG,ALL
BATCH,ADD,PATH,83266233,LAKESIDE,All,ALL,ALL,LG,ALL
BATCH,ADD,PATH,83266315,LAKESIDE,All,ALL,ALL,LG,ALL
BATCH,ADD,PATH,83266282,LAKESIDE,All,ALL,ALL,LG,ALL
BATCH,ADD,PATH,82890421,LAKESIDE,All,ALL,ALL,LG,ALL
BATCH,ADD,PATH,82890426,LAKESIDE,All,ALL,ALL,LG,ALL
BATCH,ADD,PATH,83266272,LAKESIDE,All,ALL,ALL,LG,ALL
BATCH,ADD,PATH,83266266,LAKESIDE,All,ALL,ALL,LG,ALL
BATCH,ADD,PATH,83266255,LAKESIDE,All,ALL,ALL,LG,ALL
BATCH,ADD,PATH,83266281,LAKESIDE,All,ALL,ALL,LG,ALL
BATCH,ADD,PATH,83266313,LAKESIDE,All,ALL,ALL,LG,ALL
BATCH,ADD,PATH,83266234,LAKESIDE,All,ALL,ALL,LG,ALL
BATCH,ADD,PATH,83266301,LAKESIDE,All,ALL,ALL,LG,ALL
BATCH,ADD,PATH,83266246,LAKESIDE,All,ALL,ALL,LG,ALL
BATCH,ADD,PATH,83266254,LAKESIDE,All,ALL,ALL,LG,ALL
BATCH,ADD,PATH,83266268,LAKESIDE,All,ALL,ALL,LG,ALL
BATCH,ADD,PATH,83266290,LAKESIDE,All,ALL,ALL,LG,ALL
BATCH,ADD,PATH,83266251,LAKESIDE,All,ALL,ALL,LG,ALL
BATCH,ADD,PATH,83266267,LAKESIDE,All,ALL,ALL,LG,ALL
BATCH,ADD,PATH,83266280,LAKESIDE,All,ALL,ALL,LG,ALL
BATCH,ADD,PATH,83266328,LAKESIDE,All,ALL,ALL,LG,ALL
BATCH,ADD,PATH,83266257,LAKESIDE,All,ALL,ALL,LG,ALL
BATCH,ADD,PATH,83266270,LAKESIDE,All,ALL,ALL,LG,ALL
BATCH,ADD,PATH,83266291,LAKESIDE,All,ALL,ALL,LG,ALL
BATCH,ADD,PATH,83266237,LAKESIDE,All,ALL,ALL,LG,ALL
BATCH,ADD,PATH,83266271,LAKESIDE,All,ALL,ALL,LG,ALL
BATCH,ADD,PATH,83266289,LAKESIDE,All,ALL,ALL,LG,ALL
BATCH,ADD,PATH,83266319,LAKESIDE,All,ALL,ALL,LG,ALL
BATCH,ADD,PATH,83266314,LAKESIDE,All,ALL,ALL,LG,ALL
BATCH,ADD,PATH,83266252,LAKESIDE,All,ALL,ALL,LG,ALL
BATCH,ADD,PATH,83266250,LAKESIDE,All,ALL,ALL,LG,ALL
BATCH,ADD,PATH,83266241,LAKESIDE,All,ALL,ALL,LG,ALL
BATCH,ADD,PATH,83266275,LAKESIDE,All,ALL,ALL,LG,ALL
BATCH,ADD,PATH,83266276,LAKESIDE,All,ALL,ALL,LG,ALL
BATCH,ADD,PATH,83266292,LAKESIDE,All,ALL,ALL,LG,ALL
BATCH,ADD,PATH,83266279,LAKESIDE,All,ALL,ALL,LG,ALL
BATCH,ADD,PATH,83266322,LAKESIDE,All,ALL,ALL,LG,ALL
BATCH,ADD,PATH,83266274,LAKESIDE,All,ALL,ALL,LG,ALL
BATCH,ADD,PATH,83266308,LAKESIDE,All,ALL,ALL,LG,ALL
BATCH,ADD,PATH,83266312,LAKESIDE,All,ALL,ALL,LG,ALL
BATCH,ADD,PATH,83266325,LAKESIDE,All,ALL,ALL,LG,ALL
BATCH,ADD,PATH,83266287,LAKESIDE,All,ALL,ALL,LG,ALL
BATCH,ADD,PATH,83266235,LAKESIDE,All,ALL,ALL,LG,ALL
BATCH,ADD,PATH,83266283,LAKESIDE,All,ALL,ALL,LG,ALL
BATCH,ADD,PATH,83266248,LAKESIDE,All,ALL,ALL,LG,ALL
BATCH,ADD,PATH,83266231,LAKESIDE,All,ALL,ALL,LG,ALL
BATCH,ADD,PATH,83266247,LAKESIDE,All,ALL,ALL,LG,ALL
BATCH,ADD,PATH,83266265,LAKESIDE,All,ALL,ALL,LG,ALL
BATCH,ADD,PATH,82818834,LAKESIDE,All,ALL,ALL,LG,ALL
BATCH,ADD,PATH,83265261,LAKESIDE,All,ALL,ALL,LG,ALL
BATCH,ADD,PATH,95897918,LAKESIDE,All,ALL,ALL,LG,ALL
BATCH,ADD,PATH,95897807,LAKESIDE,All,ALL,ALL,LG,ALL
BATCH,ADD,PATH,95897337,LAKESIDE,All,ALL,ALL,LG,ALL
BATCH,ADD,PATH,95893087,LAKESIDE,All,ALL,ALL,LG,ALL
BATCH,ADD,PATH,95896175,LAKESIDE,All,ALL,ALL,LG,ALL
BATCH,ADD,PATH,96097610,LAKESIDE,All,ALL,ALL,LG,ALL
BATCH,ADD,PATH,98402631,LAKESIDE,All,ALL,ALL,LG,ALL
BATCH,ADD,PATH,98662885,LAKESIDE,All,ALL,ALL,LG,ALL
BATCH,ADD,PATH,98662816,LAKESIDE,All,ALL,ALL,LG,ALL
BATCH,ADD,PATH,99489048,LAKESIDE,All,ALL,ALL,LG,ALL
BATCH,ADD,PATH,99489075,LAKESIDE,All,ALL,ALL,LG,ALL
BATCH,ADD,PATH,99489096,LAKESIDE,All,ALL,ALL,LG,ALL
BATCH,ADD,PATH,55957085,LAKESIDE,All,ALL,ALL,LG,ALL
BATCH,ADD,PATH,56177214,LAKESIDE,All,ALL,ALL,LG,ALL
BATCH,ADD,PATH,56177215,LAKESIDE,All,ALL,ALL,LG,ALL
BATCH,ADD,PATH,56177216,LAKESIDE,All,ALL,ALL,LG,ALL
BATCH,ADD,PATH,56177212,LAKESIDE,All,ALL,ALL,LG,ALL
BATCH,ADD,PATH,56177227,LAKESIDE,All,ALL,ALL,LG,ALL
BATCH,ADD,PATH,56177228,LAKESIDE,All,ALL,ALL,LG,ALL
BATCH,ADD,PATH,56177221,LAKESIDE,All,ALL,ALL,LG,ALL
BATCH,ADD,PATH,56177209,LAKESIDE,All,ALL,ALL,LG,ALL
BATCH,ADD,PATH,56177210,LAKESIDE,All,ALL,ALL,LG,ALL
BATCH,ADD,PATH,56177223,LAKESIDE,All,ALL,ALL,LG,ALL
BATCH,ADD,PATH,56177224,LAKESIDE,All,ALL,ALL,LG,ALL
BATCH,ADD,PATH,56177219,LAKESIDE,All,ALL,ALL,LG,ALL
BATCH,ADD,PATH,56177229,LAKESIDE,All,ALL,ALL,LG,ALL
BATCH,ADD,PATH,56177206,LAKESIDE,All,ALL,ALL,LG,ALL
BATCH,ADD,PATH,56177217,LAKESIDE,All,ALL,ALL,LG,ALL
BATCH,ADD,PATH,56177220,LAKESIDE,All,ALL,ALL,LG,ALL
BATCH,ADD,PATH,56177207,LAKESIDE,All,ALL,ALL,LG,ALL
BATCH,ADD,PATH,230146173,LAKESIDE,All,ALL,ALL,LG,ALL
BATCH,ADD,PATH,230146163,LAKESIDE,All,ALL,ALL,LG,ALL
BATCH,ADD,PATH,230146192,LAKESIDE,All,ALL,ALL,LG,ALL
BATCH,ADD,PATH,230146162,LAKESIDE,All,ALL,ALL,LG,ALL
BATCH,ADD,PATH,230146152,LAKESIDE,All,ALL,ALL,LG,ALL
BATCH,ADD,PATH,230146481,LAKESIDE,All,ALL,ALL,LG,ALL
BATCH,ADD,PATH,220370924,LAKESIDE,All,ALL,ALL,LG,ALL
BATCH,ADD,PATH,220370934,LAKESIDE,All,ALL,ALL,LG,ALL
BATCH,ADD,PATH,220370911,LAKESIDE,All,ALL,ALL,LG,ALL
BATCH,ADD,PATH,220370951,LAKESIDE,All,ALL,ALL,LG,ALL
BATCH,ADD,PATH,220370913,LAKESIDE,All,ALL,ALL,LG,ALL
BATCH,ADD,PATH,220370950,LAKESIDE,All,ALL,ALL,LG,ALL
BATCH,ADD,PATH,220370923,LAKESIDE,All,ALL,ALL,LG,ALL
BATCH,ADD,PATH,63127381,LAKESIDE,All,ALL,ALL,LG,ALL
BATCH,ADD,PATH,63127344,LAKESIDE,All,ALL,ALL,LG,ALL
BATCH,ADD,PATH,63127394,LAKESIDE,All,ALL,ALL,LG,ALL
BATCH,ADD,PATH,63127406,LAKESIDE,All,ALL,ALL,LG,ALL
BATCH,ADD,PATH,63127373,LAKESIDE,All,ALL,ALL,LG,ALL
BATCH,ADD,PATH,63127370,LAKESIDE,All,ALL,ALL,LG,ALL
BATCH,ADD,PATH,63127369,LAKESIDE,All,ALL,ALL,LG,ALL
BATCH,ADD,PATH,63127409,LAKESIDE,All,ALL,ALL,LG,ALL
BATCH,ADD,PATH,63127338,LAKESIDE,All,ALL,ALL,LG,ALL
BATCH,ADD,PATH,63127341,LAKESIDE,All,ALL,ALL,LG,ALL
BATCH,ADD,PATH,63127334,LAKESIDE,All,ALL,ALL,LG,ALL
BATCH,ADD,PATH,63128041,LAKESIDE,All,ALL,ALL,LG,ALL
BATCH,ADD,PATH,63127997,LAKESIDE,All,ALL,ALL,LG,ALL
BATCH,ADD,PATH,63128002,LAKESIDE,All,ALL,ALL,LG,ALL
BATCH,ADD,PATH,63128046,LAKESIDE,All,ALL,ALL,LG,ALL
BATCH,ADD,PATH,63128073,LAKESIDE,All,ALL,ALL,LG,ALL
BATCH,ADD,PATH,63128023,LAKESIDE,All,ALL,ALL,LG,ALL
BATCH,ADD,PATH,63128021,LAKESIDE,All,ALL,ALL,LG,ALL
BATCH,ADD,PATH,63128030,LAKESIDE,All,ALL,ALL,LG,ALL
BATCH,ADD,PATH,63128000,LAKESIDE,All,ALL,ALL,LG,ALL
BATCH,ADD,PATH,63127915,LAKESIDE,All,ALL,ALL,LG,ALL
BATCH,ADD,PATH,63128067,LAKESIDE,All,ALL,ALL,LG,ALL
BATCH,ADD,PATH,63127928,LAKESIDE,All,ALL,ALL,LG,ALL
BATCH,ADD,PATH,230491950,LAKESIDE,All,ALL,ALL,LG,ALL
BATCH,ADD,PATH,230491960,LAKESIDE,All,ALL,ALL,LG,ALL
BATCH,ADD,PATH,230491966,LAKESIDE,All,ALL,ALL,LG,ALL
BATCH,ADD,PATH,230491953,LAKESIDE,All,ALL,ALL,LG,ALL
BATCH,ADD,PATH,230491933,LAKESIDE,All,ALL,ALL,LG,ALL
BATCH,ADD,PATH,230491967,LAKESIDE,All,ALL,ALL,LG,ALL
BATCH,ADD,PATH,230491948,LAKESIDE,All,ALL,ALL,LG,ALL
BATCH,ADD,PATH,230491938,LAKESIDE,All,ALL,ALL,LG,ALL
BATCH,ADD,PATH,230491949,LAKESIDE,All,ALL,ALL,LG,ALL
BATCH,ADD,PATH,230491928,LAKESIDE,All,ALL,ALL,LG,ALL
BATCH,ADD,PATH,230491943,LAKESIDE,All,ALL,ALL,LG,ALL
BATCH,ADD,PATH,230491939,LAKESIDE,All,ALL,ALL,LG,ALL
BATCH,ADD,PATH,230491940,LAKESIDE,All,ALL,ALL,LG,ALL
BATCH,ADD,PATH,230491968,LAKESIDE,All,ALL,ALL,LG,ALL
BATCH,ADD,PATH,230491897,LAKESIDE,All,ALL,ALL,LG,ALL
BATCH,ADD,PATH,230491878,LAKESIDE,All,ALL,ALL,LG,ALL
BATCH,ADD,PATH,230491951,LAKESIDE,All,ALL,ALL,LG,ALL
BATCH,ADD,PATH,230491905,LAKESIDE,All,ALL,ALL,LG,ALL
BATCH,ADD,PATH,230491900,LAKESIDE,All,ALL,ALL,LG,ALL
BATCH,ADD,PATH,230491888,LAKESIDE,All,ALL,ALL,LG,ALL
BATCH,ADD,PATH,230491880,LAKESIDE,All,ALL,ALL,LG,ALL
BATCH,ADD,PATH,230491879,LAKESIDE,All,ALL,ALL,LG,ALL
BATCH,ADD,PATH,230491899,LAKESIDE,All,ALL,ALL,LG,ALL
BATCH,ADD,PATH,230491902,LAKESIDE,All,ALL,ALL,LG,ALL
BATCH,ADD,PATH,230491908,LAKESIDE,All,ALL,ALL,LG,ALL
BATCH,ADD,PATH,230491884,LAKESIDE,All,ALL,ALL,LG,ALL
BATCH,ADD,PATH,230491651,LAKESIDE,All,ALL,ALL,LG,ALL
BATCH,ADD,PATH,230491910,LAKESIDE,All,ALL,ALL,LG,ALL
BATCH,ADD,PATH,230491873,LAKESIDE,All,ALL,ALL,LG,ALL
BATCH,ADD,PATH,230491896,LAKESIDE,All,ALL,ALL,LG,ALL
BATCH,ADD,PATH,230491901,LAKESIDE,All,ALL,ALL,LG,ALL
BATCH,ADD,PATH,230491917,LAKESIDE,All,ALL,ALL,LG,ALL
BATCH,ADD,PATH,230491889,LAKESIDE,All,ALL,ALL,LG,ALL
BATCH,ADD,PATH,230491909,LAKESIDE,All,ALL,ALL,LG,ALL
BATCH,ADD,PATH,230491895,LAKESIDE,All,ALL,ALL,LG,ALL
BATCH,ADD,PATH,230491907,LAKESIDE,All,ALL,ALL,LG,ALL
BATCH,ADD,PATH,230491874,LAKESIDE,All,ALL,ALL,LG,ALL
BATCH,ADD,PATH,230491911,LAKESIDE,All,ALL,ALL,LG,ALL
BATCH,ADD,PATH,230491645,LAKESIDE,All,ALL,ALL,LG,ALL
BATCH,ADD,PATH,230491614,LAKESIDE,All,ALL,ALL,LG,ALL
BATCH,ADD,PATH,230491641,LAKESIDE,All,ALL,ALL,LG,ALL
BATCH,ADD,PATH,230491894,LAKESIDE,All,ALL,ALL,LG,ALL
BATCH,ADD,PATH,230491923,LAKESIDE,All,ALL,ALL,LG,ALL
BATCH,ADD,PATH,230491931,LAKESIDE,All,ALL,ALL,LG,ALL
BATCH,ADD,PATH,230491875,LAKESIDE,All,ALL,ALL,LG,ALL
BATCH,ADD,PATH,230491618,LAKESIDE,All,ALL,ALL,LG,ALL
BATCH,ADD,PATH,230491956,LAKESIDE,All,ALL,ALL,LG,ALL
BATCH,ADD,PATH,230491628,LAKESIDE,All,ALL,ALL,LG,ALL
BATCH,ADD,PATH,230491626,LAKESIDE,All,ALL,ALL,LG,ALL
BATCH,ADD,PATH,230491621,LAKESIDE,All,ALL,ALL,LG,ALL
BATCH,ADD,PATH,230491912,LAKESIDE,All,ALL,ALL,LG,ALL
BATCH,ADD,PATH,230491642,LAKESIDE,All,ALL,ALL,LG,ALL
BATCH,ADD,PATH,230491573,LAKESIDE,All,ALL,ALL,LG,ALL
BATCH,ADD,PATH,230491644,LAKESIDE,All,ALL,ALL,LG,ALL
BATCH,ADD,PATH,230491659,LAKESIDE,All,ALL,ALL,LG,ALL
BATCH,ADD,PATH,230491639,LAKESIDE,All,ALL,ALL,LG,ALL
BATCH,ADD,PATH,230491581,LAKESIDE,All,ALL,ALL,LG,ALL
BATCH,ADD,PATH,230491604,LAKESIDE,All,ALL,ALL,LG,ALL
BATCH,ADD,PATH,230491640,LAKESIDE,All,ALL,ALL,LG,ALL
BATCH,ADD,PATH,230491643,LAKESIDE,All,ALL,ALL,LG,ALL
BATCH,ADD,PATH,230491892,LAKESIDE,All,ALL,ALL,LG,ALL
BATCH,ADD,PATH,230491638,LAKESIDE,All,ALL,ALL,LG,ALL
BATCH,ADD,PATH,230491637,LAKESIDE,All,ALL,ALL,LG,ALL
BATCH,ADD,PATH,230491658,LAKESIDE,All,ALL,ALL,LG,ALL
BATCH,ADD,PATH,230491930,LAKESIDE,All,ALL,ALL,LG,ALL
BATCH,ADD,PATH,230491630,LAKESIDE,All,ALL,ALL,LG,ALL
BATCH,ADD,PATH,230491893,LAKESIDE,All,ALL,ALL,LG,ALL
BATCH,ADD,PATH,230491635,LAKESIDE,All,ALL,ALL,LG,ALL
BATCH,ADD,PATH,230491872,LAKESIDE,All,ALL,ALL,LG,ALL
BATCH,ADD,PATH,230491890,LAKESIDE,All,ALL,ALL,LG,ALL
BATCH,ADD,PATH,230491613,LAKESIDE,All,ALL,ALL,LG,ALL
BATCH,ADD,PATH,230491611,LAKESIDE,All,ALL,ALL,LG,ALL
BATCH,ADD,PATH,230491569,LAKESIDE,All,ALL,ALL,LG,ALL
BATCH,ADD,PATH,230491620,LAKESIDE,All,ALL,ALL,LG,ALL
BATCH,ADD,PATH,230491592,LAKESIDE,All,ALL,ALL,LG,ALL
BATCH,ADD,PATH,230491605,LAKESIDE,All,ALL,ALL,LG,ALL
BATCH,ADD,PATH,230491589,LAKESIDE,All,ALL,ALL,LG,ALL
BATCH,ADD,PATH,230491617,LAKESIDE,All,ALL,ALL,LG,ALL
BATCH,ADD,PATH,230491608,LAKESIDE,All,ALL,ALL,LG,ALL
BATCH,ADD,PATH,230491636,LAKESIDE,All,ALL,ALL,LG,ALL
BATCH,ADD,PATH,230491619,LAKESIDE,All,ALL,ALL,LG,ALL
BATCH,ADD,PATH,230491588,LAKESIDE,All,ALL,ALL,LG,ALL
BATCH,ADD,PATH,230491622,LAKESIDE,All,ALL,ALL,LG,ALL
BATCH,ADD,PATH,230491596,LAKESIDE,All,ALL,ALL,LG,ALL
BATCH,ADD,PATH,230491591,LAKESIDE,All,ALL,ALL,LG,ALL
BATCH,ADD,PATH,230491633,LAKESIDE,All,ALL,ALL,LG,ALL
BATCH,ADD,PATH,230491599,LAKESIDE,All,ALL,ALL,LG,ALL
BATCH,ADD,PATH,230491578,LAKESIDE,All,ALL,ALL,LG,ALL
BATCH,ADD,PATH,230491577,LAKESIDE,All,ALL,ALL,LG,ALL
BATCH,ADD,PATH,230491575,LAKESIDE,All,ALL,ALL,LG,ALL
BATCH,ADD,PATH,230491571,LAKESIDE,All,ALL,ALL,LG,ALL
BATCH,ADD,PATH,230491574,LAKESIDE,All,ALL,ALL,LG,ALL
BATCH,ADD,PATH,230491649,LAKESIDE,All,ALL,ALL,LG,ALL
BATCH,ADD,PATH,230491580,LAKESIDE,All,ALL,ALL,LG,ALL
BATCH,ADD,PATH,230491600,LAKESIDE,All,ALL,ALL,LG,ALL
BATCH,ADD,PATH,230491579,LAKESIDE,All,ALL,ALL,LG,ALL
BATCH,ADD,PATH,230491595,LAKESIDE,All,ALL,ALL,LG,ALL
BATCH,ADD,PATH,230491615,LAKESIDE,All,ALL,ALL,LG,ALL
BATCH,ADD,PATH,230491584,LAKESIDE,All,ALL,ALL,LG,ALL
BATCH,ADD,PATH,230491587,LAKESIDE,All,ALL,ALL,LG,ALL
BATCH,ADD,PATH,230491583,LAKESIDE,All,ALL,ALL,LG,ALL
BATCH,ADD,PATH,230491612,LAKESIDE,All,ALL,ALL,LG,ALL
BATCH,ADD,PATH,230491655,LAKESIDE,All,ALL,ALL,LG,ALL
BATCH,ADD,PATH,230491660,LAKESIDE,All,ALL,ALL,LG,ALL
BATCH,ADD,PATH,230491570,LAKESIDE,All,ALL,ALL,LG,ALL
BATCH,ADD,PATH,230491607,LAKESIDE,All,ALL,ALL,LG,ALL
BATCH,ADD,PATH,230491603,LAKESIDE,All,ALL,ALL,LG,ALL
BATCH,ADD,PATH,230491625,LAKESIDE,All,ALL,ALL,LG,ALL
BATCH,ADD,PATH,230491610,LAKESIDE,All,ALL,ALL,LG,ALL
BATCH,ADD,PATH,230491654,LAKESIDE,All,ALL,ALL,LG,ALL
BATCH,ADD,PATH,230491609,LAKESIDE,All,ALL,ALL,LG,ALL
BATCH,ADD,PATH,230491572,LAKESIDE,All,ALL,ALL,LG,ALL
BATCH,ADD,PATH,230491585,LAKESIDE,All,ALL,ALL,LG,ALL
BATCH,ADD,PATH,230491576,LAKESIDE,All,ALL,ALL,LG,ALL
BATCH,ADD,PATH,230491631,LAKESIDE,All,ALL,ALL,LG,ALL
BATCH,ADD,PATH,230491964,LAKESIDE,All,ALL,ALL,LG,ALL
BATCH,ADD,PATH,230491632,LAKESIDE,All,ALL,ALL,LG,ALL
BATCH,ADD,PATH,230491877,LAKESIDE,All,ALL,ALL,LG,ALL
BATCH,ADD,PATH,230491598,LAKESIDE,All,ALL,ALL,LG,ALL
BATCH,ADD,PATH,230491594,LAKESIDE,All,ALL,ALL,LG,ALL
BATCH,ADD,PATH,230491871,LAKESIDE,All,ALL,ALL,LG,ALL
BATCH,ADD,PATH,230491634,LAKESIDE,All,ALL,ALL,LG,ALL
BATCH,ADD,PATH,230491586,LAKESIDE,All,ALL,ALL,LG,ALL
BATCH,ADD,PATH,230491601,LAKESIDE,All,ALL,ALL,LG,ALL
BATCH,ADD,PATH,230491653,LAKESIDE,All,ALL,ALL,LG,ALL
BATCH,ADD,PATH,230491919,LAKESIDE,All,ALL,ALL,LG,ALL
BATCH,ADD,PATH,230491616,LAKESIDE,All,ALL,ALL,LG,ALL
BATCH,ADD,PATH,230491593,LAKESIDE,All,ALL,ALL,LG,ALL
BATCH,ADD,PATH,230491958,LAKESIDE,All,ALL,ALL,LG,ALL
BATCH,ADD,PATH,230491646,LAKESIDE,All,ALL,ALL,LG,ALL
BATCH,ADD,PATH,230491629,LAKESIDE,All,ALL,ALL,LG,ALL
BATCH,ADD,PATH,230491650,LAKESIDE,All,ALL,ALL,LG,ALL
BATCH,ADD,PATH,230491656,LAKESIDE,All,ALL,ALL,LG,ALL
BATCH,ADD,PATH,230491627,LAKESIDE,All,ALL,ALL,LG,ALL
BATCH,ADD,PATH,230491597,LAKESIDE,All,ALL,ALL,LG,ALL
BATCH,ADD,PATH,230491590,LAKESIDE,All,ALL,ALL,LG,ALL
BATCH,ADD,PATH,230491606,LAKESIDE,All,ALL,ALL,LG,ALL
BATCH,ADD,PATH,230491602,LAKESIDE,All,ALL,ALL,LG,ALL
BATCH,ADD,PATH,63485847,LAKESIDE,All,ALL,ALL,LG,ALL
BATCH,ADD,PATH,63485821,LAKESIDE,All,ALL,ALL,LG,ALL
BATCH,ADD,PATH,63485865,LAKESIDE,All,ALL,ALL,LG,ALL
BATCH,ADD,PATH,63485845,LAKESIDE,All,ALL,ALL,LG,ALL
BATCH,ADD,PATH,63485842,LAKESIDE,All,ALL,ALL,LG,ALL
BATCH,ADD,PATH,63485790,LAKESIDE,All,ALL,ALL,LG,ALL
BATCH,ADD,PATH,63485808,LAKESIDE,All,ALL,ALL,LG,ALL
BATCH,ADD,PATH,63485806,LAKESIDE,All,ALL,ALL,LG,ALL
BATCH,ADD,PATH,63485862,LAKESIDE,All,ALL,ALL,LG,ALL
BATCH,ADD,PATH,63485851,LAKESIDE,All,ALL,ALL,LG,ALL
BATCH,ADD,PATH,63485869,LAKESIDE,All,ALL,ALL,LG,ALL
BATCH,ADD,PATH,63485810,LAKESIDE,All,ALL,ALL,LG,ALL
BATCH,ADD,PATH,63485809,LAKESIDE,All,ALL,ALL,LG,ALL
BATCH,ADD,PATH,63485854,LAKESIDE,All,ALL,ALL,LG,ALL
BATCH,ADD,PATH,63485864,LAKESIDE,All,ALL,ALL,LG,ALL
BATCH,ADD,PATH,63485843,LAKESIDE,All,ALL,ALL,LG,ALL
BATCH,ADD,PATH,63485858,LAKESIDE,All,ALL,ALL,LG,ALL
BATCH,ADD,PATH,63485849,LAKESIDE,All,ALL,ALL,LG,ALL
BATCH,ADD,PATH,63485861,LAKESIDE,All,ALL,ALL,LG,ALL
BATCH,ADD,PATH,63485877,LAKESIDE,All,ALL,ALL,LG,ALL
BATCH,ADD,PATH,63485859,LAKESIDE,All,ALL,ALL,LG,ALL
BATCH,ADD,PATH,63485856,LAKESIDE,All,ALL,ALL,LG,ALL
BATCH,ADD,PATH,63485860,LAKESIDE,All,ALL,ALL,LG,ALL
BATCH,ADD,PATH,63485874,LAKESIDE,All,ALL,ALL,LG,ALL
BATCH,ADD,PATH,63485883,LAKESIDE,All,ALL,ALL,LG,ALL
BATCH,ADD,PATH,63485853,LAKESIDE,All,ALL,ALL,LG,ALL
BATCH,ADD,PATH,63485852,LAKESIDE,All,ALL,ALL,LG,ALL
BATCH,ADD,PATH,63485855,LAKESIDE,All,ALL,ALL,LG,ALL
BATCH,ADD,PATH,63485863,LAKESIDE,All,ALL,ALL,LG,ALL
BATCH,ADD,PATH,63485881,LAKESIDE,All,ALL,ALL,LG,ALL
BATCH,ADD,PATH,63485880,LAKESIDE,All,ALL,ALL,LG,ALL
BATCH,ADD,PATH,63485882,LAKESIDE,All,ALL,ALL,LG,ALL
BATCH,ADD,PATH,63485876,LAKESIDE,All,ALL,ALL,LG,ALL
BATCH,ADD,PATH,63485857,LAKESIDE,All,ALL,ALL,LG,ALL
BATCH,ADD,PATH,63485868,LAKESIDE,All,ALL,ALL,LG,ALL
BATCH,ADD,PATH,63485879,LAKESIDE,All,ALL,ALL,LG,ALL
BATCH,ADD,PATH,63485866,LAKESIDE,All,ALL,ALL,LG,ALL
BATCH,ADD,PATH,63485870,LAKESIDE,All,ALL,ALL,LG,ALL
BATCH,ADD,PATH,63485846,LAKESIDE,All,ALL,ALL,LG,ALL
BATCH,ADD,PATH,63485872,LAKESIDE,All,ALL,ALL,LG,ALL
BATCH,ADD,PATH,63485871,LAKESIDE,All,ALL,ALL,LG,ALL
BATCH,ADD,PATH,63485875,LAKESIDE,All,ALL,ALL,LG,ALL
BATCH,ADD,PATH,63485784,LAKESIDE,All,ALL,ALL,LG,ALL
BATCH,ADD,PATH,63485788,LAKESIDE,All,ALL,ALL,LG,ALL
BATCH,ADD,PATH,63485873,LAKESIDE,All,ALL,ALL,LG,ALL
BATCH,ADD,PATH,63485867,LAKESIDE,All,ALL,ALL,LG,ALL
BATCH,ADD,PATH,63485803,LAKESIDE,All,ALL,ALL,LG,ALL
BATCH,ADD,PATH,63485789,LAKESIDE,All,ALL,ALL,LG,ALL
BATCH,ADD,PATH,63485786,LAKESIDE,All,ALL,ALL,LG,ALL
BATCH,ADD,PATH,63485785,LAKESIDE,All,ALL,ALL,LG,ALL
BATCH,ADD,PATH,63485817,LAKESIDE,All,ALL,ALL,LG,ALL
BATCH,ADD,PATH,63485798,LAKESIDE,All,ALL,ALL,LG,ALL
BATCH,ADD,PATH,63485799,LAKESIDE,All,ALL,ALL,LG,ALL
BATCH,ADD,PATH,63485836,LAKESIDE,All,ALL,ALL,LG,ALL
BATCH,ADD,PATH,63485794,LAKESIDE,All,ALL,ALL,LG,ALL
BATCH,ADD,PATH,63485800,LAKESIDE,All,ALL,ALL,LG,ALL
BATCH,ADD,PATH,63485824,LAKESIDE,All,ALL,ALL,LG,ALL
BATCH,ADD,PATH,63485829,LAKESIDE,All,ALL,ALL,LG,ALL
BATCH,ADD,PATH,63485826,LAKESIDE,All,ALL,ALL,LG,ALL
BATCH,ADD,PATH,63485797,LAKESIDE,All,ALL,ALL,LG,ALL
BATCH,ADD,PATH,63485850,LAKESIDE,All,ALL,ALL,LG,ALL
BATCH,ADD,PATH,63485787,LAKESIDE,All,ALL,ALL,LG,ALL
BATCH,ADD,PATH,63485801,LAKESIDE,All,ALL,ALL,LG,ALL
BATCH,ADD,PATH,63485802,LAKESIDE,All,ALL,ALL,LG,ALL
BATCH,ADD,PATH,63485831,LAKESIDE,All,ALL,ALL,LG,ALL
BATCH,ADD,PATH,63485795,LAKESIDE,All,ALL,ALL,LG,ALL
BATCH,ADD,PATH,63485830,LAKESIDE,All,ALL,ALL,LG,ALL
BATCH,ADD,PATH,63485827,LAKESIDE,All,ALL,ALL,LG,ALL
BATCH,ADD,PATH,63485838,LAKESIDE,All,ALL,ALL,LG,ALL
BATCH,ADD,PATH,63485834,LAKESIDE,All,ALL,ALL,LG,ALL
BATCH,ADD,PATH,63485812,LAKESIDE,All,ALL,ALL,LG,ALL
BATCH,ADD,PATH,63485818,LAKESIDE,All,ALL,ALL,LG,ALL
BATCH,ADD,PATH,63485796,LAKESIDE,All,ALL,ALL,LG,ALL
BATCH,ADD,PATH,63485823,LAKESIDE,All,ALL,ALL,LG,ALL
BATCH,ADD,PATH,63485837,LAKESIDE,All,ALL,ALL,LG,ALL
BATCH,ADD,PATH,63485813,LAKESIDE,All,ALL,ALL,LG,ALL
BATCH,ADD,PATH,63485820,LAKESIDE,All,ALL,ALL,LG,ALL
BATCH,ADD,PATH,63485848,LAKESIDE,All,ALL,ALL,LG,ALL
BATCH,ADD,PATH,63485835,LAKESIDE,All,ALL,ALL,LG,ALL
BATCH,ADD,PATH,63485840,LAKESIDE,All,ALL,ALL,LG,ALL
BATCH,ADD,PATH,63485791,LAKESIDE,All,ALL,ALL,LG,ALL
BATCH,ADD,PATH,63485839,LAKESIDE,All,ALL,ALL,LG,ALL
BATCH,ADD,PATH,63485815,LAKESIDE,All,ALL,ALL,LG,ALL
BATCH,ADD,PATH,63485816,LAKESIDE,All,ALL,ALL,LG,ALL
BATCH,ADD,PATH,63485833,LAKESIDE,All,ALL,ALL,LG,ALL
BATCH,ADD,PATH,63485811,LAKESIDE,All,ALL,ALL,LG,ALL
BATCH,ADD,PATH,63485841,LAKESIDE,All,ALL,ALL,LG,ALL
BATCH,ADD,PATH,63485825,LAKESIDE,All,ALL,ALL,LG,ALL
BATCH,ADD,PATH,63485804,LAKESIDE,All,ALL,ALL,LG,ALL
BATCH,ADD,PATH,63485805,LAKESIDE,All,ALL,ALL,LG,ALL
BATCH,ADD,PATH,63485832,LAKESIDE,All,ALL,ALL,LG,ALL
BATCH,ADD,PATH,63485828,LAKESIDE,All,ALL,ALL,LG,ALL
BATCH,ADD,PATH,63485793,LAKESIDE,All,ALL,ALL,LG,ALL
BATCH,ADD,PATH,63485814,LAKESIDE,All,ALL,ALL,LG,ALL
BATCH,ADD,PATH,63485807,LAKESIDE,All,ALL,ALL,LG,ALL
BATCH,ADD,PATH,63485844,LAKESIDE,All,ALL,ALL,LG,ALL
BATCH,ADD,PATH,63484144,LAKESIDE,All,ALL,ALL,LG,ALL
BATCH,ADD,PATH,63484165,LAKESIDE,All,ALL,ALL,LG,ALL
BATCH,ADD,PATH,63484145,LAKESIDE,All,ALL,ALL,LG,ALL
BATCH,ADD,PATH,63485822,LAKESIDE,All,ALL,ALL,LG,ALL
BATCH,ADD,PATH,63484149,LAKESIDE,All,ALL,ALL,LG,ALL
BATCH,ADD,PATH,63485819,LAKESIDE,All,ALL,ALL,LG,ALL
BATCH,ADD,PATH,63484134,LAKESIDE,All,ALL,ALL,LG,ALL
BATCH,ADD,PATH,63484129,LAKESIDE,All,ALL,ALL,LG,ALL
BATCH,ADD,PATH,63484163,LAKESIDE,All,ALL,ALL,LG,ALL
BATCH,ADD,PATH,63485449,LAKESIDE,All,ALL,ALL,LG,ALL
BATCH,ADD,PATH,63485878,LAKESIDE,All,ALL,ALL,LG,ALL
BATCH,ADD,PATH,63484135,LAKESIDE,All,ALL,ALL,LG,ALL
BATCH,ADD,PATH,63485452,LAKESIDE,All,ALL,ALL,LG,ALL
BATCH,ADD,PATH,63484158,LAKESIDE,All,ALL,ALL,LG,ALL
BATCH,ADD,PATH,63484157,LAKESIDE,All,ALL,ALL,LG,ALL
BATCH,ADD,PATH,63485451,LAKESIDE,All,ALL,ALL,LG,ALL
BATCH,ADD,PATH,63485456,LAKESIDE,All,ALL,ALL,LG,ALL
BATCH,ADD,PATH,63484084,LAKESIDE,All,ALL,ALL,LG,ALL
BATCH,ADD,PATH,63485447,LAKESIDE,All,ALL,ALL,LG,ALL
BATCH,ADD,PATH,63485454,LAKESIDE,All,ALL,ALL,LG,ALL
BATCH,ADD,PATH,63484151,LAKESIDE,All,ALL,ALL,LG,ALL
BATCH,ADD,PATH,63484143,LAKESIDE,All,ALL,ALL,LG,ALL
BATCH,ADD,PATH,63484166,LAKESIDE,All,ALL,ALL,LG,ALL
BATCH,ADD,PATH,63485448,LAKESIDE,All,ALL,ALL,LG,ALL
BATCH,ADD,PATH,63484154,LAKESIDE,All,ALL,ALL,LG,ALL
BATCH,ADD,PATH,63484167,LAKESIDE,All,ALL,ALL,LG,ALL
BATCH,ADD,PATH,63484140,LAKESIDE,All,ALL,ALL,LG,ALL
BATCH,ADD,PATH,63485453,LAKESIDE,All,ALL,ALL,LG,ALL
BATCH,ADD,PATH,63484147,LAKESIDE,All,ALL,ALL,LG,ALL
BATCH,ADD,PATH,63484093,LAKESIDE,All,ALL,ALL,LG,ALL
BATCH,ADD,PATH,63484108,LAKESIDE,All,ALL,ALL,LG,ALL
BATCH,ADD,PATH,63484097,LAKESIDE,All,ALL,ALL,LG,ALL
BATCH,ADD,PATH,63484160,LAKESIDE,All,ALL,ALL,LG,ALL
BATCH,ADD,PATH,63484156,LAKESIDE,All,ALL,ALL,LG,ALL
BATCH,ADD,PATH,63484087,LAKESIDE,All,ALL,ALL,LG,ALL
BATCH,ADD,PATH,63484139,LAKESIDE,All,ALL,ALL,LG,ALL
BATCH,ADD,PATH,63484150,LAKESIDE,All,ALL,ALL,LG,ALL
BATCH,ADD,PATH,63484091,LAKESIDE,All,ALL,ALL,LG,ALL
BATCH,ADD,PATH,63484096,LAKESIDE,All,ALL,ALL,LG,ALL
BATCH,ADD,PATH,63484085,LAKESIDE,All,ALL,ALL,LG,ALL
BATCH,ADD,PATH,63484088,LAKESIDE,All,ALL,ALL,LG,ALL
BATCH,ADD,PATH,63484137,LAKESIDE,All,ALL,ALL,LG,ALL
BATCH,ADD,PATH,63485792,LAKESIDE,All,ALL,ALL,LG,ALL
BATCH,ADD,PATH,63484102,LAKESIDE,All,ALL,ALL,LG,ALL
BATCH,ADD,PATH,63485450,LAKESIDE,All,ALL,ALL,LG,ALL
BATCH,ADD,PATH,63484155,LAKESIDE,All,ALL,ALL,LG,ALL
BATCH,ADD,PATH,63485455,LAKESIDE,All,ALL,ALL,LG,ALL
BATCH,ADD,PATH,63484138,LAKESIDE,All,ALL,ALL,LG,ALL
BATCH,ADD,PATH,63484095,LAKESIDE,All,ALL,ALL,LG,ALL
BATCH,ADD,PATH,63484094,LAKESIDE,All,ALL,ALL,LG,ALL
BATCH,ADD,PATH,63484100,LAKESIDE,All,ALL,ALL,LG,ALL
BATCH,ADD,PATH,63484092,LAKESIDE,All,ALL,ALL,LG,ALL
BATCH,ADD,PATH,63484090,LAKESIDE,All,ALL,ALL,LG,ALL
BATCH,ADD,PATH,63484106,LAKESIDE,All,ALL,ALL,LG,ALL
BATCH,ADD,PATH,63484086,LAKESIDE,All,ALL,ALL,LG,ALL
BATCH,ADD,PATH,63484107,LAKESIDE,All,ALL,ALL,LG,ALL
BATCH,ADD,PATH,63484104,LAKESIDE,All,ALL,ALL,LG,ALL
BATCH,ADD,PATH,63484101,LAKESIDE,All,ALL,ALL,LG,ALL
BATCH,ADD,PATH,63484105,LAKESIDE,All,ALL,ALL,LG,ALL
BATCH,ADD,PATH,63484099,LAKESIDE,All,ALL,ALL,LG,ALL
BATCH,ADD,PATH,63484098,LAKESIDE,All,ALL,ALL,LG,ALL
BATCH,ADD,PATH,63484118,LAKESIDE,All,ALL,ALL,LG,ALL
BATCH,ADD,PATH,63484103,LAKESIDE,All,ALL,ALL,LG,ALL
BATCH,ADD,PATH,63484112,LAKESIDE,All,ALL,ALL,LG,ALL
BATCH,ADD,PATH,63484089,LAKESIDE,All,ALL,ALL,LG,ALL
BATCH,ADD,PATH,63484130,LAKESIDE,All,ALL,ALL,LG,ALL
BATCH,ADD,PATH,63484111,LAKESIDE,All,ALL,ALL,LG,ALL
BATCH,ADD,PATH,63484125,LAKESIDE,All,ALL,ALL,LG,ALL
BATCH,ADD,PATH,63484121,LAKESIDE,All,ALL,ALL,LG,ALL
BATCH,ADD,PATH,63484132,LAKESIDE,All,ALL,ALL,LG,ALL
BATCH,ADD,PATH,63484110,LAKESIDE,All,ALL,ALL,LG,ALL
BATCH,ADD,PATH,63484114,LAKESIDE,All,ALL,ALL,LG,ALL
BATCH,ADD,PATH,63484124,LAKESIDE,All,ALL,ALL,LG,ALL
BATCH,ADD,PATH,63484122,LAKESIDE,All,ALL,ALL,LG,ALL
BATCH,ADD,PATH,63484117,LAKESIDE,All,ALL,ALL,LG,ALL
BATCH,ADD,PATH,63484109,LAKESIDE,All,ALL,ALL,LG,ALL
BATCH,ADD,PATH,63484136,LAKESIDE,All,ALL,ALL,LG,ALL
BATCH,ADD,PATH,63484128,LAKESIDE,All,ALL,ALL,LG,ALL
BATCH,ADD,PATH,63484127,LAKESIDE,All,ALL,ALL,LG,ALL
BATCH,ADD,PATH,63484119,LAKESIDE,All,ALL,ALL,LG,ALL
BATCH,ADD,PATH,63484123,LAKESIDE,All,ALL,ALL,LG,ALL
BATCH,ADD,PATH,63484113,LAKESIDE,All,ALL,ALL,LG,ALL
BATCH,ADD,PATH,63484133,LAKESIDE,All,ALL,ALL,LG,ALL
BATCH,ADD,PATH,63484126,LAKESIDE,All,ALL,ALL,LG,ALL
BATCH,ADD,PATH,63460947,LAKESIDE,All,ALL,ALL,LG,ALL
BATCH,ADD,PATH,63484116,LAKESIDE,All,ALL,ALL,LG,ALL
BATCH,ADD,PATH,63484131,LAKESIDE,All,ALL,ALL,LG,ALL
BATCH,ADD,PATH,63460921,LAKESIDE,All,ALL,ALL,LG,ALL
BATCH,ADD,PATH,63460948,LAKESIDE,All,ALL,ALL,LG,ALL
BATCH,ADD,PATH,63460938,LAKESIDE,All,ALL,ALL,LG,ALL
BATCH,ADD,PATH,63460925,LAKESIDE,All,ALL,ALL,LG,ALL
BATCH,ADD,PATH,63484115,LAKESIDE,All,ALL,ALL,LG,ALL
BATCH,ADD,PATH,63460933,LAKESIDE,All,ALL,ALL,LG,ALL
BATCH,ADD,PATH,63460910,LAKESIDE,All,ALL,ALL,LG,ALL
BATCH,ADD,PATH,63460943,LAKESIDE,All,ALL,ALL,LG,ALL
BATCH,ADD,PATH,63460942,LAKESIDE,All,ALL,ALL,LG,ALL
BATCH,ADD,PATH,63484120,LAKESIDE,All,ALL,ALL,LG,ALL
BATCH,ADD,PATH,63460957,LAKESIDE,All,ALL,ALL,LG,ALL
BATCH,ADD,PATH,63460964,LAKESIDE,All,ALL,ALL,LG,ALL
BATCH,ADD,PATH,63460958,LAKESIDE,All,ALL,ALL,LG,ALL
BATCH,ADD,PATH,63460970,LAKESIDE,All,ALL,ALL,LG,ALL
BATCH,ADD,PATH,63460956,LAKESIDE,All,ALL,ALL,LG,ALL
BATCH,ADD,PATH,63460954,LAKESIDE,All,ALL,ALL,LG,ALL
BATCH,ADD,PATH,63460928,LAKESIDE,All,ALL,ALL,LG,ALL
BATCH,ADD,PATH,63460969,LAKESIDE,All,ALL,ALL,LG,ALL
BATCH,ADD,PATH,63460951,LAKESIDE,All,ALL,ALL,LG,ALL
BATCH,ADD,PATH,63460962,LAKESIDE,All,ALL,ALL,LG,ALL
BATCH,ADD,PATH,63460940,LAKESIDE,All,ALL,ALL,LG,ALL
BATCH,ADD,PATH,63460966,LAKESIDE,All,ALL,ALL,LG,ALL
BATCH,ADD,PATH,63460945,LAKESIDE,All,ALL,ALL,LG,ALL
BATCH,ADD,PATH,63460963,LAKESIDE,All,ALL,ALL,LG,ALL
BATCH,ADD,PATH,63460927,LAKESIDE,All,ALL,ALL,LG,ALL
BATCH,ADD,PATH,63460953,LAKESIDE,All,ALL,ALL,LG,ALL
BATCH,ADD,PATH,63460961,LAKESIDE,All,ALL,ALL,LG,ALL
BATCH,ADD,PATH,63460959,LAKESIDE,All,ALL,ALL,LG,ALL
BATCH,ADD,PATH,63460955,LAKESIDE,All,ALL,ALL,LG,ALL
BATCH,ADD,PATH,63460974,LAKESIDE,All,ALL,ALL,LG,ALL
BATCH,ADD,PATH,63460978,LAKESIDE,All,ALL,ALL,LG,ALL
BATCH,ADD,PATH,63460944,LAKESIDE,All,ALL,ALL,LG,ALL
BATCH,ADD,PATH,63460971,LAKESIDE,All,ALL,ALL,LG,ALL
BATCH,ADD,PATH,63460950,LAKESIDE,All,ALL,ALL,LG,ALL
BATCH,ADD,PATH,63460946,LAKESIDE,All,ALL,ALL,LG,ALL
BATCH,ADD,PATH,63460894,LAKESIDE,All,ALL,ALL,LG,ALL
BATCH,ADD,PATH,63460976,LAKESIDE,All,ALL,ALL,LG,ALL
BATCH,ADD,PATH,63460973,LAKESIDE,All,ALL,ALL,LG,ALL
BATCH,ADD,PATH,63460972,LAKESIDE,All,ALL,ALL,LG,ALL
BATCH,ADD,PATH,63460975,LAKESIDE,All,ALL,ALL,LG,ALL
BATCH,ADD,PATH,63460967,LAKESIDE,All,ALL,ALL,LG,ALL
BATCH,ADD,PATH,63460977,LAKESIDE,All,ALL,ALL,LG,ALL
BATCH,ADD,PATH,63460980,LAKESIDE,All,ALL,ALL,LG,ALL
BATCH,ADD,PATH,63460979,LAKESIDE,All,ALL,ALL,LG,ALL
BATCH,ADD,PATH,63460886,LAKESIDE,All,ALL,ALL,LG,ALL
BATCH,ADD,PATH,63460965,LAKESIDE,All,ALL,ALL,LG,ALL
BATCH,ADD,PATH,63460914,LAKESIDE,All,ALL,ALL,LG,ALL
BATCH,ADD,PATH,63460892,LAKESIDE,All,ALL,ALL,LG,ALL
BATCH,ADD,PATH,63460891,LAKESIDE,All,ALL,ALL,LG,ALL
BATCH,ADD,PATH,63460983,LAKESIDE,All,ALL,ALL,LG,ALL
BATCH,ADD,PATH,63460896,LAKESIDE,All,ALL,ALL,LG,ALL
BATCH,ADD,PATH,63460968,LAKESIDE,All,ALL,ALL,LG,ALL
BATCH,ADD,PATH,63460960,LAKESIDE,All,ALL,ALL,LG,ALL
BATCH,ADD,PATH,63460884,LAKESIDE,All,ALL,ALL,LG,ALL
BATCH,ADD,PATH,63460897,LAKESIDE,All,ALL,ALL,LG,ALL
BATCH,ADD,PATH,63460887,LAKESIDE,All,ALL,ALL,LG,ALL
BATCH,ADD,PATH,63460888,LAKESIDE,All,ALL,ALL,LG,ALL
BATCH,ADD,PATH,63460903,LAKESIDE,All,ALL,ALL,LG,ALL
BATCH,ADD,PATH,63460981,LAKESIDE,All,ALL,ALL,LG,ALL
BATCH,ADD,PATH,63460885,LAKESIDE,All,ALL,ALL,LG,ALL
BATCH,ADD,PATH,63460893,LAKESIDE,All,ALL,ALL,LG,ALL
BATCH,ADD,PATH,63460899,LAKESIDE,All,ALL,ALL,LG,ALL
BATCH,ADD,PATH,63460916,LAKESIDE,All,ALL,ALL,LG,ALL
BATCH,ADD,PATH,63460889,LAKESIDE,All,ALL,ALL,LG,ALL
BATCH,ADD,PATH,63460902,LAKESIDE,All,ALL,ALL,LG,ALL
BATCH,ADD,PATH,63460982,LAKESIDE,All,ALL,ALL,LG,ALL
BATCH,ADD,PATH,63460913,LAKESIDE,All,ALL,ALL,LG,ALL
BATCH,ADD,PATH,63460912,LAKESIDE,All,ALL,ALL,LG,ALL
BATCH,ADD,PATH,63460919,LAKESIDE,All,ALL,ALL,LG,ALL
BATCH,ADD,PATH,63460905,LAKESIDE,All,ALL,ALL,LG,ALL
BATCH,ADD,PATH,63460901,LAKESIDE,All,ALL,ALL,LG,ALL
BATCH,ADD,PATH,63460900,LAKESIDE,All,ALL,ALL,LG,ALL
BATCH,ADD,PATH,63460898,LAKESIDE,All,ALL,ALL,LG,ALL
BATCH,ADD,PATH,63460890,LAKESIDE,All,ALL,ALL,LG,ALL
BATCH,ADD,PATH,63460907,LAKESIDE,All,ALL,ALL,LG,ALL
BATCH,ADD,PATH,63460895,LAKESIDE,All,ALL,ALL,LG,ALL
BATCH,ADD,PATH,63460924,LAKESIDE,All,ALL,ALL,LG,ALL
BATCH,ADD,PATH,63460922,LAKESIDE,All,ALL,ALL,LG,ALL
BATCH,ADD,PATH,63460911,LAKESIDE,All,ALL,ALL,LG,ALL
BATCH,ADD,PATH,63460917,LAKESIDE,All,ALL,ALL,LG,ALL
BATCH,ADD,PATH,63460920,LAKESIDE,All,ALL,ALL,LG,ALL
BATCH,ADD,PATH,63460952,LAKESIDE,All,ALL,ALL,LG,ALL
BATCH,ADD,PATH,63460941,LAKESIDE,All,ALL,ALL,LG,ALL
BATCH,ADD,PATH,63460936,LAKESIDE,All,ALL,ALL,LG,ALL
BATCH,ADD,PATH,63486755,LAKESIDE,All,ALL,ALL,LG,ALL
BATCH,ADD,PATH,63460915,LAKESIDE,All,ALL,ALL,LG,ALL
BATCH,ADD,PATH,63460930,LAKESIDE,All,ALL,ALL,LG,ALL
BATCH,ADD,PATH,63460908,LAKESIDE,All,ALL,ALL,LG,ALL
BATCH,ADD,PATH,63460906,LAKESIDE,All,ALL,ALL,LG,ALL
BATCH,ADD,PATH,63460904,LAKESIDE,All,ALL,ALL,LG,ALL
BATCH,ADD,PATH,63460931,LAKESIDE,All,ALL,ALL,LG,ALL
BATCH,ADD,PATH,63460926,LAKESIDE,All,ALL,ALL,LG,ALL
BATCH,ADD,PATH,63460929,LAKESIDE,All,ALL,ALL,LG,ALL
BATCH,ADD,PATH,63460923,LAKESIDE,All,ALL,ALL,LG,ALL
BATCH,ADD,PATH,63460937,LAKESIDE,All,ALL,ALL,LG,ALL
BATCH,ADD,PATH,63460934,LAKESIDE,All,ALL,ALL,LG,ALL
BATCH,ADD,PATH,63460909,LAKESIDE,All,ALL,ALL,LG,ALL
BATCH,ADD,PATH,63486741,LAKESIDE,All,ALL,ALL,LG,ALL
BATCH,ADD,PATH,63460918,LAKESIDE,All,ALL,ALL,LG,ALL
BATCH,ADD,PATH,63486740,LAKESIDE,All,ALL,ALL,LG,ALL
BATCH,ADD,PATH,63460932,LAKESIDE,All,ALL,ALL,LG,ALL
BATCH,ADD,PATH,63486739,LAKESIDE,All,ALL,ALL,LG,ALL
BATCH,ADD,PATH,63486746,LAKESIDE,All,ALL,ALL,LG,ALL
BATCH,ADD,PATH,63486754,LAKESIDE,All,ALL,ALL,LG,ALL
BATCH,ADD,PATH,63486751,LAKESIDE,All,ALL,ALL,LG,ALL
BATCH,ADD,PATH,63486736,LAKESIDE,All,ALL,ALL,LG,ALL
BATCH,ADD,PATH,63486752,LAKESIDE,All,ALL,ALL,LG,ALL
BATCH,ADD,PATH,63460939,LAKESIDE,All,ALL,ALL,LG,ALL
BATCH,ADD,PATH,63486744,LAKESIDE,All,ALL,ALL,LG,ALL
BATCH,ADD,PATH,63486729,LAKESIDE,All,ALL,ALL,LG,ALL
BATCH,ADD,PATH,63486734,LAKESIDE,All,ALL,ALL,LG,ALL
BATCH,ADD,PATH,63486745,LAKESIDE,All,ALL,ALL,LG,ALL
BATCH,ADD,PATH,63486738,LAKESIDE,All,ALL,ALL,LG,ALL
BATCH,ADD,PATH,63486760,LAKESIDE,All,ALL,ALL,LG,ALL
BATCH,ADD,PATH,63486742,LAKESIDE,All,ALL,ALL,LG,ALL
BATCH,ADD,PATH,63486728,LAKESIDE,All,ALL,ALL,LG,ALL
BATCH,ADD,PATH,63486747,LAKESIDE,All,ALL,ALL,LG,ALL
BATCH,ADD,PATH,63486764,LAKESIDE,All,ALL,ALL,LG,ALL
BATCH,ADD,PATH,63486763,LAKESIDE,All,ALL,ALL,LG,ALL
BATCH,ADD,PATH,63486757,LAKESIDE,All,ALL,ALL,LG,ALL
BATCH,ADD,PATH,63486758,LAKESIDE,All,ALL,ALL,LG,ALL
BATCH,ADD,PATH,63460935,LAKESIDE,All,ALL,ALL,LG,ALL
BATCH,ADD,PATH,63486782,LAKESIDE,All,ALL,ALL,LG,ALL
BATCH,ADD,PATH,63486768,LAKESIDE,All,ALL,ALL,LG,ALL
BATCH,ADD,PATH,63486766,LAKESIDE,All,ALL,ALL,LG,ALL
BATCH,ADD,PATH,63486753,LAKESIDE,All,ALL,ALL,LG,ALL
BATCH,ADD,PATH,63486756,LAKESIDE,All,ALL,ALL,LG,ALL
BATCH,ADD,PATH,63486762,LAKESIDE,All,ALL,ALL,LG,ALL
BATCH,ADD,PATH,63486719,LAKESIDE,All,ALL,ALL,LG,ALL
BATCH,ADD,PATH,63486748,LAKESIDE,All,ALL,ALL,LG,ALL
BATCH,ADD,PATH,63460949,LAKESIDE,All,ALL,ALL,LG,ALL
BATCH,ADD,PATH,63486770,LAKESIDE,All,ALL,ALL,LG,ALL
BATCH,ADD,PATH,63486750,LAKESIDE,All,ALL,ALL,LG,ALL
BATCH,ADD,PATH,63486777,LAKESIDE,All,ALL,ALL,LG,ALL
BATCH,ADD,PATH,63486759,LAKESIDE,All,ALL,ALL,LG,ALL
BATCH,ADD,PATH,63486773,LAKESIDE,All,ALL,ALL,LG,ALL
BATCH,ADD,PATH,63486749,LAKESIDE,All,ALL,ALL,LG,ALL
BATCH,ADD,PATH,63486761,LAKESIDE,All,ALL,ALL,LG,ALL
BATCH,ADD,PATH,63486771,LAKESIDE,All,ALL,ALL,LG,ALL
BATCH,ADD,PATH,63486765,LAKESIDE,All,ALL,ALL,LG,ALL
BATCH,ADD,PATH,63486774,LAKESIDE,All,ALL,ALL,LG,ALL
BATCH,ADD,PATH,63486767,LAKESIDE,All,ALL,ALL,LG,ALL
BATCH,ADD,PATH,63486779,LAKESIDE,All,ALL,ALL,LG,ALL
BATCH,ADD,PATH,63486775,LAKESIDE,All,ALL,ALL,LG,ALL
BATCH,ADD,PATH,63486776,LAKESIDE,All,ALL,ALL,LG,ALL
BATCH,ADD,PATH,63486699,LAKESIDE,All,ALL,ALL,LG,ALL
BATCH,ADD,PATH,63486778,LAKESIDE,All,ALL,ALL,LG,ALL
BATCH,ADD,PATH,63486689,LAKESIDE,All,ALL,ALL,LG,ALL
BATCH,ADD,PATH,63486769,LAKESIDE,All,ALL,ALL,LG,ALL
BATCH,ADD,PATH,63486701,LAKESIDE,All,ALL,ALL,LG,ALL
BATCH,ADD,PATH,63486687,LAKESIDE,All,ALL,ALL,LG,ALL
BATCH,ADD,PATH,63486783,LAKESIDE,All,ALL,ALL,LG,ALL
BATCH,ADD,PATH,63486780,LAKESIDE,All,ALL,ALL,LG,ALL
BATCH,ADD,PATH,63486772,LAKESIDE,All,ALL,ALL,LG,ALL
BATCH,ADD,PATH,63486712,LAKESIDE,All,ALL,ALL,LG,ALL
BATCH,ADD,PATH,63486705,LAKESIDE,All,ALL,ALL,LG,ALL
BATCH,ADD,PATH,63486696,LAKESIDE,All,ALL,ALL,LG,ALL
BATCH,ADD,PATH,63486686,LAKESIDE,All,ALL,ALL,LG,ALL
BATCH,ADD,PATH,63486709,LAKESIDE,All,ALL,ALL,LG,ALL
BATCH,ADD,PATH,63486698,LAKESIDE,All,ALL,ALL,LG,ALL
BATCH,ADD,PATH,63486710,LAKESIDE,All,ALL,ALL,LG,ALL
BATCH,ADD,PATH,63486707,LAKESIDE,All,ALL,ALL,LG,ALL
BATCH,ADD,PATH,63486711,LAKESIDE,All,ALL,ALL,LG,ALL
BATCH,ADD,PATH,63486684,LAKESIDE,All,ALL,ALL,LG,ALL
BATCH,ADD,PATH,63486685,LAKESIDE,All,ALL,ALL,LG,ALL
BATCH,ADD,PATH,63486695,LAKESIDE,All,ALL,ALL,LG,ALL
BATCH,ADD,PATH,63486718,LAKESIDE,All,ALL,ALL,LG,ALL
BATCH,ADD,PATH,63486717,LAKESIDE,All,ALL,ALL,LG,ALL
BATCH,ADD,PATH,63486781,LAKESIDE,All,ALL,ALL,LG,ALL
BATCH,ADD,PATH,63486721,LAKESIDE,All,ALL,ALL,LG,ALL
BATCH,ADD,PATH,63486704,LAKESIDE,All,ALL,ALL,LG,ALL
BATCH,ADD,PATH,63486727,LAKESIDE,All,ALL,ALL,LG,ALL
BATCH,ADD,PATH,63486694,LAKESIDE,All,ALL,ALL,LG,ALL
BATCH,ADD,PATH,63486703,LAKESIDE,All,ALL,ALL,LG,ALL
BATCH,ADD,PATH,63486731,LAKESIDE,All,ALL,ALL,LG,ALL
BATCH,ADD,PATH,63486720,LAKESIDE,All,ALL,ALL,LG,ALL
BATCH,ADD,PATH,63486700,LAKESIDE,All,ALL,ALL,LG,ALL
BATCH,ADD,PATH,63486691,LAKESIDE,All,ALL,ALL,LG,ALL
BATCH,ADD,PATH,63486692,LAKESIDE,All,ALL,ALL,LG,ALL
BATCH,ADD,PATH,63486723,LAKESIDE,All,ALL,ALL,LG,ALL
BATCH,ADD,PATH,63486724,LAKESIDE,All,ALL,ALL,LG,ALL
BATCH,ADD,PATH,63486688,LAKESIDE,All,ALL,ALL,LG,ALL
BATCH,ADD,PATH,63486725,LAKESIDE,All,ALL,ALL,LG,ALL
BATCH,ADD,PATH,63486693,LAKESIDE,All,ALL,ALL,LG,ALL
BATCH,ADD,PATH,63486697,LAKESIDE,All,ALL,ALL,LG,ALL
BATCH,ADD,PATH,63486702,LAKESIDE,All,ALL,ALL,LG,ALL
BATCH,ADD,PATH,63486737,LAKESIDE,All,ALL,ALL,LG,ALL
BATCH,ADD,PATH,63486714,LAKESIDE,All,ALL,ALL,LG,ALL
BATCH,ADD,PATH,63486743,LAKESIDE,All,ALL,ALL,LG,ALL
BATCH,ADD,PATH,63486708,LAKESIDE,All,ALL,ALL,LG,ALL
BATCH,ADD,PATH,63486722,LAKESIDE,All,ALL,ALL,LG,ALL
BATCH,ADD,PATH,63486706,LAKESIDE,All,ALL,ALL,LG,ALL
BATCH,ADD,PATH,63486713,LAKESIDE,All,ALL,ALL,LG,ALL
BATCH,ADD,PATH,63486730,LAKESIDE,All,ALL,ALL,LG,ALL
BATCH,ADD,PATH,63486733,LAKESIDE,All,ALL,ALL,LG,ALL
BATCH,ADD,PATH,63486715,LAKESIDE,All,ALL,ALL,LG,ALL
BATCH,ADD,PATH,63486690,LAKESIDE,All,ALL,ALL,LG,ALL
BATCH,ADD,PATH,63486732,LAKESIDE,All,ALL,ALL,LG,ALL
BATCH,ADD,PATH,63486726,LAKESIDE,All,ALL,ALL,LG,ALL
BATCH,ADD,PATH,63486716,LAKESIDE,All,ALL,ALL,LG,ALL
BATCH,ADD,PATH,63486735,LAKESIDE,All,ALL,ALL,LG,ALL
BATCH,ADD,PATH,56208769,LAKESIDE,All,ALL,ALL,LG,ALL
BATCH,ADD,PATH,64514412,LAKESIDE,All,ALL,ALL,LG,ALL
BATCH,ADD,PATH,63752866,LAKESIDE,All,ALL,ALL,LG,ALL
BATCH,ADD,PATH,63752870,LAKESIDE,All,ALL,ALL,LG,ALL
BATCH,ADD,PATH,64514410,LAKESIDE,All,ALL,ALL,LG,ALL
BATCH,ADD,PATH,7364842,LAKESIDE,All,ALL,ALL,LG,ALL
BATCH,ADD,PATH,7364816,LAKESIDE,All,ALL,ALL,LG,ALL
BATCH,ADD,PATH,8030856,LAKESIDE,All,ALL,ALL,LG,ALL
BATCH,ADD,PATH,10881688,LAKESIDE,All,ALL,ALL,LG,ALL
BATCH,ADD,PATH,10355270,LAKESIDE,All,ALL,ALL,LG,ALL
BATCH,ADD,PATH,15654116,LAKESIDE,All,ALL,ALL,LG,ALL
BATCH,ADD,PATH,16406220,LAKESIDE,All,ALL,ALL,LG,ALL
BATCH,ADD,PATH,56102921,LAKESIDE,All,ALL,ALL,LG,ALL
BATCH,ADD,PATH,56105299,LAKESIDE,All,ALL,ALL,LG,ALL
BATCH,ADD,PATH,56103826,LAKESIDE,All,ALL,ALL,LG,ALL
BATCH,ADD,PATH,56398242,LAKESIDE,All,ALL,ALL,LG,ALL
BATCH,ADD,PATH,56141549,LAKESIDE,All,ALL,ALL,LG,ALL
BATCH,ADD,PATH,56141566,LAKESIDE,All,ALL,ALL,LG,ALL
BATCH,ADD,PATH,56141553,LAKESIDE,All,ALL,ALL,LG,ALL
BATCH,ADD,PATH,56141506,LAKESIDE,All,ALL,ALL,LG,ALL
BATCH,ADD,PATH,56141564,LAKESIDE,All,ALL,ALL,LG,ALL
BATCH,ADD,PATH,56141511,LAKESIDE,All,ALL,ALL,LG,ALL
BATCH,ADD,PATH,56141508,LAKESIDE,All,ALL,ALL,LG,ALL
BATCH,ADD,PATH,56142365,LAKESIDE,All,ALL,ALL,LG,ALL
BATCH,ADD,PATH,63653232,LAKESIDE,All,ALL,ALL,LG,ALL
BATCH,ADD,PATH,63912515,LAKESIDE,All,ALL,ALL,LG,ALL
BATCH,ADD,PATH,63915627,LAKESIDE,All,ALL,ALL,LG,ALL
BATCH,ADD,PATH,64901492,LAKESIDE,All,ALL,ALL,LG,ALL
BATCH,ADD,PATH,64901474,LAKESIDE,All,ALL,ALL,LG,ALL
BATCH,ADD,PATH,64901689,LAKESIDE,All,ALL,ALL,LG,ALL
BATCH,ADD,PATH,64901686,LAKESIDE,All,ALL,ALL,LG,ALL
BATCH,ADD,PATH,64901720,LAKESIDE,All,ALL,ALL,LG,ALL
BATCH,ADD,PATH,64901729,LAKESIDE,All,ALL,ALL,LG,ALL
BATCH,ADD,PATH,64901671,LAKESIDE,All,ALL,ALL,LG,ALL
BATCH,ADD,PATH,64901708,LAKESIDE,All,ALL,ALL,LG,ALL
BATCH,ADD,PATH,64901705,LAKESIDE,All,ALL,ALL,LG,ALL
BATCH,ADD,PATH,64902263,LAKESIDE,All,ALL,ALL,LG,ALL
BATCH,ADD,PATH,64901762,LAKESIDE,All,ALL,ALL,LG,ALL
BATCH,ADD,PATH,64902250,LAKESIDE,All,ALL,ALL,LG,ALL
BATCH,ADD,PATH,64902227,LAKESIDE,All,ALL,ALL,LG,ALL
BATCH,ADD,PATH,64901699,LAKESIDE,All,ALL,ALL,LG,ALL
BATCH,ADD,PATH,64901701,LAKESIDE,All,ALL,ALL,LG,ALL
BATCH,ADD,PATH,64902235,LAKESIDE,All,ALL,ALL,LG,ALL
BATCH,ADD,PATH,64902193,LAKESIDE,All,ALL,ALL,LG,ALL
BATCH,ADD,PATH,64902223,LAKESIDE,All,ALL,ALL,LG,ALL
BATCH,ADD,PATH,64902180,LAKESIDE,All,ALL,ALL,LG,ALL
BATCH,ADD,PATH,64902195,LAKESIDE,All,ALL,ALL,LG,ALL
BATCH,ADD,PATH,64902208,LAKESIDE,All,ALL,ALL,LG,ALL
BATCH,ADD,PATH,64902202,LAKESIDE,All,ALL,ALL,LG,ALL
BATCH,ADD,PATH,64902172,LAKESIDE,All,ALL,ALL,LG,ALL
BATCH,ADD,PATH,64902201,LAKESIDE,All,ALL,ALL,LG,ALL
BATCH,ADD,PATH,64902184,LAKESIDE,All,ALL,ALL,LG,ALL
BATCH,ADD,PATH,64902203,LAKESIDE,All,ALL,ALL,LG,ALL
BATCH,ADD,PATH,64902262,LAKESIDE,All,ALL,ALL,LG,ALL
BATCH,ADD,PATH,64902221,LAKESIDE,All,ALL,ALL,LG,ALL
BATCH,ADD,PATH,64902216,LAKESIDE,All,ALL,ALL,LG,ALL
BATCH,ADD,PATH,64902198,LAKESIDE,All,ALL,ALL,LG,ALL
BATCH,ADD,PATH,64902269,LAKESIDE,All,ALL,ALL,LG,ALL
BATCH,ADD,PATH,64901666,LAKESIDE,All,ALL,ALL,LG,ALL
BATCH,ADD,PATH,64901663,LAKESIDE,All,ALL,ALL,LG,ALL
BATCH,ADD,PATH,64901657,LAKESIDE,All,ALL,ALL,LG,ALL
BATCH,ADD,PATH,64902260,LAKESIDE,All,ALL,ALL,LG,ALL
BATCH,ADD,PATH,64902182,LAKESIDE,All,ALL,ALL,LG,ALL
BATCH,ADD,PATH,64902230,LAKESIDE,All,ALL,ALL,LG,ALL
BATCH,ADD,PATH,64901639,LAKESIDE,All,ALL,ALL,LG,ALL
BATCH,ADD,PATH,64901645,LAKESIDE,All,ALL,ALL,LG,ALL
BATCH,ADD,PATH,64901667,LAKESIDE,All,ALL,ALL,LG,ALL
BATCH,ADD,PATH,64901646,LAKESIDE,All,ALL,ALL,LG,ALL
BATCH,ADD,PATH,64902173,LAKESIDE,All,ALL,ALL,LG,ALL
BATCH,ADD,PATH,64901653,LAKESIDE,All,ALL,ALL,LG,ALL
BATCH,ADD,PATH,64901642,LAKESIDE,All,ALL,ALL,LG,ALL
BATCH,ADD,PATH,64901665,LAKESIDE,All,ALL,ALL,LG,ALL
BATCH,ADD,PATH,64901648,LAKESIDE,All,ALL,ALL,LG,ALL
BATCH,ADD,PATH,64901627,LAKESIDE,All,ALL,ALL,LG,ALL
BATCH,ADD,PATH,64901626,LAKESIDE,All,ALL,ALL,LG,ALL
BATCH,ADD,PATH,64901636,LAKESIDE,All,ALL,ALL,LG,ALL
BATCH,ADD,PATH,64901644,LAKESIDE,All,ALL,ALL,LG,ALL
BATCH,ADD,PATH,64901628,LAKESIDE,All,ALL,ALL,LG,ALL
BATCH,ADD,PATH,64901660,LAKESIDE,All,ALL,ALL,LG,ALL
BATCH,ADD,PATH,64901664,LAKESIDE,All,ALL,ALL,LG,ALL
BATCH,ADD,PATH,64901659,LAKESIDE,All,ALL,ALL,LG,ALL
BATCH,ADD,PATH,64901542,LAKESIDE,All,ALL,ALL,LG,ALL
BATCH,ADD,PATH,64901634,LAKESIDE,All,ALL,ALL,LG,ALL
BATCH,ADD,PATH,64901647,LAKESIDE,All,ALL,ALL,LG,ALL
BATCH,ADD,PATH,64901597,LAKESIDE,All,ALL,ALL,LG,ALL
BATCH,ADD,PATH,64901631,LAKESIDE,All,ALL,ALL,LG,ALL
BATCH,ADD,PATH,64901603,LAKESIDE,All,ALL,ALL,LG,ALL
BATCH,ADD,PATH,64901651,LAKESIDE,All,ALL,ALL,LG,ALL
BATCH,ADD,PATH,64901643,LAKESIDE,All,ALL,ALL,LG,ALL
BATCH,ADD,PATH,64901669,LAKESIDE,All,ALL,ALL,LG,ALL
BATCH,ADD,PATH,64901670,LAKESIDE,All,ALL,ALL,LG,ALL
BATCH,ADD,PATH,64901625,LAKESIDE,All,ALL,ALL,LG,ALL
BATCH,ADD,PATH,64901649,LAKESIDE,All,ALL,ALL,LG,ALL
BATCH,ADD,PATH,64901656,LAKESIDE,All,ALL,ALL,LG,ALL
BATCH,ADD,PATH,64901598,LAKESIDE,All,ALL,ALL,LG,ALL
BATCH,ADD,PATH,64901638,LAKESIDE,All,ALL,ALL,LG,ALL
BATCH,ADD,PATH,64901574,LAKESIDE,All,ALL,ALL,LG,ALL
BATCH,ADD,PATH,64901588,LAKESIDE,All,ALL,ALL,LG,ALL
BATCH,ADD,PATH,64901590,LAKESIDE,All,ALL,ALL,LG,ALL
BATCH,ADD,PATH,64901640,LAKESIDE,All,ALL,ALL,LG,ALL
BATCH,ADD,PATH,64901658,LAKESIDE,All,ALL,ALL,LG,ALL
BATCH,ADD,PATH,64901661,LAKESIDE,All,ALL,ALL,LG,ALL
BATCH,ADD,PATH,64901662,LAKESIDE,All,ALL,ALL,LG,ALL
BATCH,ADD,PATH,64901579,LAKESIDE,All,ALL,ALL,LG,ALL
BATCH,ADD,PATH,64901577,LAKESIDE,All,ALL,ALL,LG,ALL
BATCH,ADD,PATH,64901581,LAKESIDE,All,ALL,ALL,LG,ALL
BATCH,ADD,PATH,64901582,LAKESIDE,All,ALL,ALL,LG,ALL
BATCH,ADD,PATH,64901578,LAKESIDE,All,ALL,ALL,LG,ALL
BATCH,ADD,PATH,64901575,LAKESIDE,All,ALL,ALL,LG,ALL
BATCH,ADD,PATH,64901595,LAKESIDE,All,ALL,ALL,LG,ALL
BATCH,ADD,PATH,64901572,LAKESIDE,All,ALL,ALL,LG,ALL
BATCH,ADD,PATH,64901592,LAKESIDE,All,ALL,ALL,LG,ALL
BATCH,ADD,PATH,64901654,LAKESIDE,All,ALL,ALL,LG,ALL
BATCH,ADD,PATH,64901573,LAKESIDE,All,ALL,ALL,LG,ALL
BATCH,ADD,PATH,64901587,LAKESIDE,All,ALL,ALL,LG,ALL
BATCH,ADD,PATH,64901633,LAKESIDE,All,ALL,ALL,LG,ALL
BATCH,ADD,PATH,64901620,LAKESIDE,All,ALL,ALL,LG,ALL
BATCH,ADD,PATH,64901618,LAKESIDE,All,ALL,ALL,LG,ALL
BATCH,ADD,PATH,64901629,LAKESIDE,All,ALL,ALL,LG,ALL
BATCH,ADD,PATH,64901641,LAKESIDE,All,ALL,ALL,LG,ALL
BATCH,ADD,PATH,64901652,LAKESIDE,All,ALL,ALL,LG,ALL
BATCH,ADD,PATH,64901650,LAKESIDE,All,ALL,ALL,LG,ALL
BATCH,ADD,PATH,64901619,LAKESIDE,All,ALL,ALL,LG,ALL
BATCH,ADD,PATH,64902248,LAKESIDE,All,ALL,ALL,LG,ALL
BATCH,ADD,PATH,64901637,LAKESIDE,All,ALL,ALL,LG,ALL
BATCH,ADD,PATH,64902213,LAKESIDE,All,ALL,ALL,LG,ALL
BATCH,ADD,PATH,64902199,LAKESIDE,All,ALL,ALL,LG,ALL
BATCH,ADD,PATH,64901668,LAKESIDE,All,ALL,ALL,LG,ALL
BATCH,ADD,PATH,64901504,LAKESIDE,All,ALL,ALL,LG,ALL
BATCH,ADD,PATH,64901538,LAKESIDE,All,ALL,ALL,LG,ALL
BATCH,ADD,PATH,64901674,LAKESIDE,All,ALL,ALL,LG,ALL
BATCH,ADD,PATH,64902200,LAKESIDE,All,ALL,ALL,LG,ALL
BATCH,ADD,PATH,64901536,LAKESIDE,All,ALL,ALL,LG,ALL
BATCH,ADD,PATH,64901693,LAKESIDE,All,ALL,ALL,LG,ALL
BATCH,ADD,PATH,64901481,LAKESIDE,All,ALL,ALL,LG,ALL
BATCH,ADD,PATH,64901512,LAKESIDE,All,ALL,ALL,LG,ALL
BATCH,ADD,PATH,64901570,LAKESIDE,All,ALL,ALL,LG,ALL
BATCH,ADD,PATH,64901612,LAKESIDE,All,ALL,ALL,LG,ALL
BATCH,ADD,PATH,64901748,LAKESIDE,All,ALL,ALL,LG,ALL
BATCH,ADD,PATH,64901495,LAKESIDE,All,ALL,ALL,LG,ALL
BATCH,ADD,PATH,64901566,LAKESIDE,All,ALL,ALL,LG,ALL
BATCH,ADD,PATH,64902118,LAKESIDE,All,ALL,ALL,LG,ALL
BATCH,ADD,PATH,64902135,LAKESIDE,All,ALL,ALL,LG,ALL
BATCH,ADD,PATH,64902123,LAKESIDE,All,ALL,ALL,LG,ALL
BATCH,ADD,PATH,64901600,LAKESIDE,All,ALL,ALL,LG,ALL
BATCH,ADD,PATH,64901571,LAKESIDE,All,ALL,ALL,LG,ALL
BATCH,ADD,PATH,64902126,LAKESIDE,All,ALL,ALL,LG,ALL
BATCH,ADD,PATH,64901688,LAKESIDE,All,ALL,ALL,LG,ALL
BATCH,ADD,PATH,64901694,LAKESIDE,All,ALL,ALL,LG,ALL
BATCH,ADD,PATH,64901721,LAKESIDE,All,ALL,ALL,LG,ALL
BATCH,ADD,PATH,64901556,LAKESIDE,All,ALL,ALL,LG,ALL
BATCH,ADD,PATH,64901585,LAKESIDE,All,ALL,ALL,LG,ALL
BATCH,ADD,PATH,64901602,LAKESIDE,All,ALL,ALL,LG,ALL
BATCH,ADD,PATH,64902097,LAKESIDE,All,ALL,ALL,LG,ALL
BATCH,ADD,PATH,64901630,LAKESIDE,All,ALL,ALL,LG,ALL
BATCH,ADD,PATH,64901655,LAKESIDE,All,ALL,ALL,LG,ALL
BATCH,ADD,PATH,64902194,LAKESIDE,All,ALL,ALL,LG,ALL
BATCH,ADD,PATH,64901472,LAKESIDE,All,ALL,ALL,LG,ALL
BATCH,ADD,PATH,64901606,LAKESIDE,All,ALL,ALL,LG,ALL
BATCH,ADD,PATH,64901610,LAKESIDE,All,ALL,ALL,LG,ALL
BATCH,ADD,PATH,64901596,LAKESIDE,All,ALL,ALL,LG,ALL
BATCH,ADD,PATH,64901609,LAKESIDE,All,ALL,ALL,LG,ALL
BATCH,ADD,PATH,64901605,LAKESIDE,All,ALL,ALL,LG,ALL
BATCH,ADD,PATH,64901601,LAKESIDE,All,ALL,ALL,LG,ALL
BATCH,ADD,PATH,64901608,LAKESIDE,All,ALL,ALL,LG,ALL
BATCH,ADD,PATH,64901623,LAKESIDE,All,ALL,ALL,LG,ALL
BATCH,ADD,PATH,64901632,LAKESIDE,All,ALL,ALL,LG,ALL
BATCH,ADD,PATH,64901593,LAKESIDE,All,ALL,ALL,LG,ALL
BATCH,ADD,PATH,64901583,LAKESIDE,All,ALL,ALL,LG,ALL
BATCH,ADD,PATH,64901584,LAKESIDE,All,ALL,ALL,LG,ALL
BATCH,ADD,PATH,64901635,LAKESIDE,All,ALL,ALL,LG,ALL
BATCH,ADD,PATH,64901613,LAKESIDE,All,ALL,ALL,LG,ALL
BATCH,ADD,PATH,64901621,LAKESIDE,All,ALL,ALL,LG,ALL
BATCH,ADD,PATH,65098897,LAKESIDE,All,ALL,ALL,LG,ALL
BATCH,ADD,PATH,64901611,LAKESIDE,All,ALL,ALL,LG,ALL
BATCH,ADD,PATH,65098885,LAKESIDE,All,ALL,ALL,LG,ALL
BATCH,ADD,PATH,65098866,LAKESIDE,All,ALL,ALL,LG,ALL
BATCH,ADD,PATH,65098886,LAKESIDE,All,ALL,ALL,LG,ALL
BATCH,ADD,PATH,64901580,LAKESIDE,All,ALL,ALL,LG,ALL
BATCH,ADD,PATH,65098901,LAKESIDE,All,ALL,ALL,LG,ALL
BATCH,ADD,PATH,65098898,LAKESIDE,All,ALL,ALL,LG,ALL
BATCH,ADD,PATH,64901615,LAKESIDE,All,ALL,ALL,LG,ALL
BATCH,ADD,PATH,65098853,LAKESIDE,All,ALL,ALL,LG,ALL
BATCH,ADD,PATH,65098875,LAKESIDE,All,ALL,ALL,LG,ALL
BATCH,ADD,PATH,65098910,LAKESIDE,All,ALL,ALL,LG,ALL
BATCH,ADD,PATH,65098891,LAKESIDE,All,ALL,ALL,LG,ALL
BATCH,ADD,PATH,65098892,LAKESIDE,All,ALL,ALL,LG,ALL
BATCH,ADD,PATH,64901614,LAKESIDE,All,ALL,ALL,LG,ALL
BATCH,ADD,PATH,64901576,LAKESIDE,All,ALL,ALL,LG,ALL
BATCH,ADD,PATH,65098868,LAKESIDE,All,ALL,ALL,LG,ALL
BATCH,ADD,PATH,65098893,LAKESIDE,All,ALL,ALL,LG,ALL
BATCH,ADD,PATH,65098867,LAKESIDE,All,ALL,ALL,LG,ALL
BATCH,ADD,PATH,64901622,LAKESIDE,All,ALL,ALL,LG,ALL
BATCH,ADD,PATH,65098863,LAKESIDE,All,ALL,ALL,LG,ALL
BATCH,ADD,PATH,65098907,LAKESIDE,All,ALL,ALL,LG,ALL
BATCH,ADD,PATH,65098888,LAKESIDE,All,ALL,ALL,LG,ALL
BATCH,ADD,PATH,65098824,LAKESIDE,All,ALL,ALL,LG,ALL
BATCH,ADD,PATH,64901589,LAKESIDE,All,ALL,ALL,LG,ALL
BATCH,ADD,PATH,65098874,LAKESIDE,All,ALL,ALL,LG,ALL
BATCH,ADD,PATH,65098869,LAKESIDE,All,ALL,ALL,LG,ALL
BATCH,ADD,PATH,65098855,LAKESIDE,All,ALL,ALL,LG,ALL
BATCH,ADD,PATH,65098838,LAKESIDE,All,ALL,ALL,LG,ALL
BATCH,ADD,PATH,65098899,LAKESIDE,All,ALL,ALL,LG,ALL
BATCH,ADD,PATH,65098905,LAKESIDE,All,ALL,ALL,LG,ALL
BATCH,ADD,PATH,65098889,LAKESIDE,All,ALL,ALL,LG,ALL
BATCH,ADD,PATH,65098871,LAKESIDE,All,ALL,ALL,LG,ALL
BATCH,ADD,PATH,65098911,LAKESIDE,All,ALL,ALL,LG,ALL
BATCH,ADD,PATH,65098880,LAKESIDE,All,ALL,ALL,LG,ALL
BATCH,ADD,PATH,65098818,LAKESIDE,All,ALL,ALL,LG,ALL
BATCH,ADD,PATH,65098830,LAKESIDE,All,ALL,ALL,LG,ALL
BATCH,ADD,PATH,65098877,LAKESIDE,All,ALL,ALL,LG,ALL
BATCH,ADD,PATH,65098844,LAKESIDE,All,ALL,ALL,LG,ALL
BATCH,ADD,PATH,65098896,LAKESIDE,All,ALL,ALL,LG,ALL
BATCH,ADD,PATH,65098890,LAKESIDE,All,ALL,ALL,LG,ALL
BATCH,ADD,PATH,65098817,LAKESIDE,All,ALL,ALL,LG,ALL
BATCH,ADD,PATH,65098825,LAKESIDE,All,ALL,ALL,LG,ALL
BATCH,ADD,PATH,65098908,LAKESIDE,All,ALL,ALL,LG,ALL
BATCH,ADD,PATH,65098815,LAKESIDE,All,ALL,ALL,LG,ALL
BATCH,ADD,PATH,65098887,LAKESIDE,All,ALL,ALL,LG,ALL
BATCH,ADD,PATH,65098833,LAKESIDE,All,ALL,ALL,LG,ALL
BATCH,ADD,PATH,65098835,LAKESIDE,All,ALL,ALL,LG,ALL
BATCH,ADD,PATH,65098846,LAKESIDE,All,ALL,ALL,LG,ALL
BATCH,ADD,PATH,65098843,LAKESIDE,All,ALL,ALL,LG,ALL
BATCH,ADD,PATH,65098823,LAKESIDE,All,ALL,ALL,LG,ALL
BATCH,ADD,PATH,65098860,LAKESIDE,All,ALL,ALL,LG,ALL
BATCH,ADD,PATH,65098826,LAKESIDE,All,ALL,ALL,LG,ALL
BATCH,ADD,PATH,65098837,LAKESIDE,All,ALL,ALL,LG,ALL
BATCH,ADD,PATH,65098813,LAKESIDE,All,ALL,ALL,LG,ALL
BATCH,ADD,PATH,65098856,LAKESIDE,All,ALL,ALL,LG,ALL
BATCH,ADD,PATH,65098854,LAKESIDE,All,ALL,ALL,LG,ALL
BATCH,ADD,PATH,65098845,LAKESIDE,All,ALL,ALL,LG,ALL
BATCH,ADD,PATH,65098836,LAKESIDE,All,ALL,ALL,LG,ALL
BATCH,ADD,PATH,65098864,LAKESIDE,All,ALL,ALL,LG,ALL
BATCH,ADD,PATH,65098850,LAKESIDE,All,ALL,ALL,LG,ALL
BATCH,ADD,PATH,65098828,LAKESIDE,All,ALL,ALL,LG,ALL
BATCH,ADD,PATH,65098852,LAKESIDE,All,ALL,ALL,LG,ALL
BATCH,ADD,PATH,65098829,LAKESIDE,All,ALL,ALL,LG,ALL
BATCH,ADD,PATH,65098847,LAKESIDE,All,ALL,ALL,LG,ALL
BATCH,ADD,PATH,65098814,LAKESIDE,All,ALL,ALL,LG,ALL
BATCH,ADD,PATH,65098894,LAKESIDE,All,ALL,ALL,LG,ALL
BATCH,ADD,PATH,65099002,LAKESIDE,All,ALL,ALL,LG,ALL
BATCH,ADD,PATH,65098831,LAKESIDE,All,ALL,ALL,LG,ALL
BATCH,ADD,PATH,65098816,LAKESIDE,All,ALL,ALL,LG,ALL
BATCH,ADD,PATH,65098832,LAKESIDE,All,ALL,ALL,LG,ALL
BATCH,ADD,PATH,65099011,LAKESIDE,All,ALL,ALL,LG,ALL
BATCH,ADD,PATH,65099005,LAKESIDE,All,ALL,ALL,LG,ALL
BATCH,ADD,PATH,65098861,LAKESIDE,All,ALL,ALL,LG,ALL
BATCH,ADD,PATH,65098839,LAKESIDE,All,ALL,ALL,LG,ALL
BATCH,ADD,PATH,65098979,LAKESIDE,All,ALL,ALL,LG,ALL
BATCH,ADD,PATH,65098827,LAKESIDE,All,ALL,ALL,LG,ALL
BATCH,ADD,PATH,65098842,LAKESIDE,All,ALL,ALL,LG,ALL
BATCH,ADD,PATH,65098984,LAKESIDE,All,ALL,ALL,LG,ALL
BATCH,ADD,PATH,65098963,LAKESIDE,All,ALL,ALL,LG,ALL
BATCH,ADD,PATH,65098981,LAKESIDE,All,ALL,ALL,LG,ALL
BATCH,ADD,PATH,65098879,LAKESIDE,All,ALL,ALL,LG,ALL
BATCH,ADD,PATH,65098990,LAKESIDE,All,ALL,ALL,LG,ALL
BATCH,ADD,PATH,65098970,LAKESIDE,All,ALL,ALL,LG,ALL
BATCH,ADD,PATH,65098851,LAKESIDE,All,ALL,ALL,LG,ALL
BATCH,ADD,PATH,65098976,LAKESIDE,All,ALL,ALL,LG,ALL
BATCH,ADD,PATH,65098918,LAKESIDE,All,ALL,ALL,LG,ALL
BATCH,ADD,PATH,65098865,LAKESIDE,All,ALL,ALL,LG,ALL
BATCH,ADD,PATH,65098973,LAKESIDE,All,ALL,ALL,LG,ALL
BATCH,ADD,PATH,65099006,LAKESIDE,All,ALL,ALL,LG,ALL
BATCH,ADD,PATH,65099001,LAKESIDE,All,ALL,ALL,LG,ALL
BATCH,ADD,PATH,65099003,LAKESIDE,All,ALL,ALL,LG,ALL
BATCH,ADD,PATH,65099004,LAKESIDE,All,ALL,ALL,LG,ALL
BATCH,ADD,PATH,65098969,LAKESIDE,All,ALL,ALL,LG,ALL
BATCH,ADD,PATH,65098968,LAKESIDE,All,ALL,ALL,LG,ALL
BATCH,ADD,PATH,65098946,LAKESIDE,All,ALL,ALL,LG,ALL
BATCH,ADD,PATH,65099010,LAKESIDE,All,ALL,ALL,LG,ALL
BATCH,ADD,PATH,65099008,LAKESIDE,All,ALL,ALL,LG,ALL
BATCH,ADD,PATH,65098961,LAKESIDE,All,ALL,ALL,LG,ALL
BATCH,ADD,PATH,65098993,LAKESIDE,All,ALL,ALL,LG,ALL
BATCH,ADD,PATH,65098870,LAKESIDE,All,ALL,ALL,LG,ALL
BATCH,ADD,PATH,65098834,LAKESIDE,All,ALL,ALL,LG,ALL
BATCH,ADD,PATH,65098819,LAKESIDE,All,ALL,ALL,LG,ALL
BATCH,ADD,PATH,65098840,LAKESIDE,All,ALL,ALL,LG,ALL
BATCH,ADD,PATH,65098821,LAKESIDE,All,ALL,ALL,LG,ALL
BATCH,ADD,PATH,65098822,LAKESIDE,All,ALL,ALL,LG,ALL
BATCH,ADD,PATH,65098882,LAKESIDE,All,ALL,ALL,LG,ALL
BATCH,ADD,PATH,65098909,LAKESIDE,All,ALL,ALL,LG,ALL
BATCH,ADD,PATH,65098848,LAKESIDE,All,ALL,ALL,LG,ALL
BATCH,ADD,PATH,64901604,LAKESIDE,All,ALL,ALL,LG,ALL
BATCH,ADD,PATH,65098912,LAKESIDE,All,ALL,ALL,LG,ALL
BATCH,ADD,PATH,65098858,LAKESIDE,All,ALL,ALL,LG,ALL
BATCH,ADD,PATH,65098872,LAKESIDE,All,ALL,ALL,LG,ALL
BATCH,ADD,PATH,65098982,LAKESIDE,All,ALL,ALL,LG,ALL
BATCH,ADD,PATH,65098983,LAKESIDE,All,ALL,ALL,LG,ALL
BATCH,ADD,PATH,65098989,LAKESIDE,All,ALL,ALL,LG,ALL
BATCH,ADD,PATH,64901616,LAKESIDE,All,ALL,ALL,LG,ALL
BATCH,ADD,PATH,65098953,LAKESIDE,All,ALL,ALL,LG,ALL
BATCH,ADD,PATH,65098988,LAKESIDE,All,ALL,ALL,LG,ALL
BATCH,ADD,PATH,65098878,LAKESIDE,All,ALL,ALL,LG,ALL
BATCH,ADD,PATH,65098999,LAKESIDE,All,ALL,ALL,LG,ALL
BATCH,ADD,PATH,65099009,LAKESIDE,All,ALL,ALL,LG,ALL
BATCH,ADD,PATH,65098991,LAKESIDE,All,ALL,ALL,LG,ALL
BATCH,ADD,PATH,65098859,LAKESIDE,All,ALL,ALL,LG,ALL
BATCH,ADD,PATH,65098980,LAKESIDE,All,ALL,ALL,LG,ALL
BATCH,ADD,PATH,65098977,LAKESIDE,All,ALL,ALL,LG,ALL
BATCH,ADD,PATH,65098974,LAKESIDE,All,ALL,ALL,LG,ALL
BATCH,ADD,PATH,65098820,LAKESIDE,All,ALL,ALL,LG,ALL
BATCH,ADD,PATH,65098987,LAKESIDE,All,ALL,ALL,LG,ALL
BATCH,ADD,PATH,65099012,LAKESIDE,All,ALL,ALL,LG,ALL
BATCH,ADD,PATH,65098992,LAKESIDE,All,ALL,ALL,LG,ALL
BATCH,ADD,PATH,65098978,LAKESIDE,All,ALL,ALL,LG,ALL
BATCH,ADD,PATH,65098904,LAKESIDE,All,ALL,ALL,LG,ALL
BATCH,ADD,PATH,65098996,LAKESIDE,All,ALL,ALL,LG,ALL
BATCH,ADD,PATH,65098942,LAKESIDE,All,ALL,ALL,LG,ALL
BATCH,ADD,PATH,65098938,LAKESIDE,All,ALL,ALL,LG,ALL
BATCH,ADD,PATH,65098922,LAKESIDE,All,ALL,ALL,LG,ALL
BATCH,ADD,PATH,65098994,LAKESIDE,All,ALL,ALL,LG,ALL
BATCH,ADD,PATH,65098928,LAKESIDE,All,ALL,ALL,LG,ALL
BATCH,ADD,PATH,65098998,LAKESIDE,All,ALL,ALL,LG,ALL
BATCH,ADD,PATH,65098951,LAKESIDE,All,ALL,ALL,LG,ALL
BATCH,ADD,PATH,65098958,LAKESIDE,All,ALL,ALL,LG,ALL
BATCH,ADD,PATH,65098954,LAKESIDE,All,ALL,ALL,LG,ALL
BATCH,ADD,PATH,65098925,LAKESIDE,All,ALL,ALL,LG,ALL
BATCH,ADD,PATH,65098949,LAKESIDE,All,ALL,ALL,LG,ALL
BATCH,ADD,PATH,65098947,LAKESIDE,All,ALL,ALL,LG,ALL
BATCH,ADD,PATH,65098957,LAKESIDE,All,ALL,ALL,LG,ALL
BATCH,ADD,PATH,65098914,LAKESIDE,All,ALL,ALL,LG,ALL
BATCH,ADD,PATH,65098932,LAKESIDE,All,ALL,ALL,LG,ALL
BATCH,ADD,PATH,65098930,LAKESIDE,All,ALL,ALL,LG,ALL
BATCH,ADD,PATH,65099007,LAKESIDE,All,ALL,ALL,LG,ALL
BATCH,ADD,PATH,65098921,LAKESIDE,All,ALL,ALL,LG,ALL
BATCH,ADD,PATH,65099000,LAKESIDE,All,ALL,ALL,LG,ALL
BATCH,ADD,PATH,65098873,LAKESIDE,All,ALL,ALL,LG,ALL
BATCH,ADD,PATH,65098986,LAKESIDE,All,ALL,ALL,LG,ALL
BATCH,ADD,PATH,65098967,LAKESIDE,All,ALL,ALL,LG,ALL
BATCH,ADD,PATH,65098943,LAKESIDE,All,ALL,ALL,LG,ALL
BATCH,ADD,PATH,65098933,LAKESIDE,All,ALL,ALL,LG,ALL
BATCH,ADD,PATH,65098919,LAKESIDE,All,ALL,ALL,LG,ALL
BATCH,ADD,PATH,65098917,LAKESIDE,All,ALL,ALL,LG,ALL
BATCH,ADD,PATH,65098962,LAKESIDE,All,ALL,ALL,LG,ALL
BATCH,ADD,PATH,65099194,LAKESIDE,All,ALL,ALL,LG,ALL
BATCH,ADD,PATH,65098955,LAKESIDE,All,ALL,ALL,LG,ALL
BATCH,ADD,PATH,65099207,LAKESIDE,All,ALL,ALL,LG,ALL
BATCH,ADD,PATH,65098966,LAKESIDE,All,ALL,ALL,LG,ALL
BATCH,ADD,PATH,65098916,LAKESIDE,All,ALL,ALL,LG,ALL
BATCH,ADD,PATH,65098857,LAKESIDE,All,ALL,ALL,LG,ALL
BATCH,ADD,PATH,65099192,LAKESIDE,All,ALL,ALL,LG,ALL
BATCH,ADD,PATH,65099209,LAKESIDE,All,ALL,ALL,LG,ALL
BATCH,ADD,PATH,65098959,LAKESIDE,All,ALL,ALL,LG,ALL
BATCH,ADD,PATH,65099198,LAKESIDE,All,ALL,ALL,LG,ALL
BATCH,ADD,PATH,65098927,LAKESIDE,All,ALL,ALL,LG,ALL
BATCH,ADD,PATH,65098883,LAKESIDE,All,ALL,ALL,LG,ALL
BATCH,ADD,PATH,65099176,LAKESIDE,All,ALL,ALL,LG,ALL
BATCH,ADD,PATH,65099212,LAKESIDE,All,ALL,ALL,LG,ALL
BATCH,ADD,PATH,65099157,LAKESIDE,All,ALL,ALL,LG,ALL
BATCH,ADD,PATH,230758196,LAKESIDE,All,ALL,ALL,LG,ALL
BATCH,ADD,PATH,230758221,LAKESIDE,All,ALL,ALL,LG,ALL
BATCH,ADD,PATH,230758237,LAKESIDE,All,ALL,ALL,LG,ALL
BATCH,ADD,PATH,230758233,LAKESIDE,All,ALL,ALL,LG,ALL
BATCH,ADD,PATH,230758213,LAKESIDE,All,ALL,ALL,LG,ALL
BATCH,ADD,PATH,230758219,LAKESIDE,All,ALL,ALL,LG,ALL
BATCH,ADD,PATH,230758216,LAKESIDE,All,ALL,ALL,LG,ALL
BATCH,ADD,PATH,230758218,LAKESIDE,All,ALL,ALL,LG,ALL
BATCH,ADD,PATH,230758199,LAKESIDE,All,ALL,ALL,LG,ALL
BATCH,ADD,PATH,230758189,LAKESIDE,All,ALL,ALL,LG,ALL
BATCH,ADD,PATH,230758211,LAKESIDE,All,ALL,ALL,LG,ALL
BATCH,ADD,PATH,230758188,LAKESIDE,All,ALL,ALL,LG,ALL
BATCH,ADD,PATH,230758217,LAKESIDE,All,ALL,ALL,LG,ALL
BATCH,ADD,PATH,230758197,LAKESIDE,All,ALL,ALL,LG,ALL
BATCH,ADD,PATH,230758187,LAKESIDE,All,ALL,ALL,LG,ALL
BATCH,ADD,PATH,230758206,LAKESIDE,All,ALL,ALL,LG,ALL
BATCH,ADD,PATH,230758235,LAKESIDE,All,ALL,ALL,LG,ALL
BATCH,ADD,PATH,230758228,LAKESIDE,All,ALL,ALL,LG,ALL
BATCH,ADD,PATH,230758202,LAKESIDE,All,ALL,ALL,LG,ALL
BATCH,ADD,PATH,230758191,LAKESIDE,All,ALL,ALL,LG,ALL
BATCH,ADD,PATH,230758207,LAKESIDE,All,ALL,ALL,LG,ALL
BATCH,ADD,PATH,230758224,LAKESIDE,All,ALL,ALL,LG,ALL
BATCH,ADD,PATH,230758236,LAKESIDE,All,ALL,ALL,LG,ALL
BATCH,ADD,PATH,230758250,LAKESIDE,All,ALL,ALL,LG,ALL
BATCH,ADD,PATH,230758212,LAKESIDE,All,ALL,ALL,LG,ALL
BATCH,ADD,PATH,230758223,LAKESIDE,All,ALL,ALL,LG,ALL
BATCH,ADD,PATH,230758186,LAKESIDE,All,ALL,ALL,LG,ALL
BATCH,ADD,PATH,230758271,LAKESIDE,All,ALL,ALL,LG,ALL
BATCH,ADD,PATH,230758205,LAKESIDE,All,ALL,ALL,LG,ALL
BATCH,ADD,PATH,230758279,LAKESIDE,All,ALL,ALL,LG,ALL
BATCH,ADD,PATH,230758204,LAKESIDE,All,ALL,ALL,LG,ALL
BATCH,ADD,PATH,230758229,LAKESIDE,All,ALL,ALL,LG,ALL
BATCH,ADD,PATH,230758220,LAKESIDE,All,ALL,ALL,LG,ALL
BATCH,ADD,PATH,230758226,LAKESIDE,All,ALL,ALL,LG,ALL
BATCH,ADD,PATH,230758215,LAKESIDE,All,ALL,ALL,LG,ALL
BATCH,ADD,PATH,230758201,LAKESIDE,All,ALL,ALL,LG,ALL
BATCH,ADD,PATH,230758193,LAKESIDE,All,ALL,ALL,LG,ALL
BATCH,ADD,PATH,230758208,LAKESIDE,All,ALL,ALL,LG,ALL
BATCH,ADD,PATH,230758066,LAKESIDE,All,ALL,ALL,LG,ALL
BATCH,ADD,PATH,230758194,LAKESIDE,All,ALL,ALL,LG,ALL
BATCH,ADD,PATH,230758227,LAKESIDE,All,ALL,ALL,LG,ALL
BATCH,ADD,PATH,230758043,LAKESIDE,All,ALL,ALL,LG,ALL
BATCH,ADD,PATH,230758053,LAKESIDE,All,ALL,ALL,LG,ALL
BATCH,ADD,PATH,230758074,LAKESIDE,All,ALL,ALL,LG,ALL
BATCH,ADD,PATH,230758077,LAKESIDE,All,ALL,ALL,LG,ALL
BATCH,ADD,PATH,230758084,LAKESIDE,All,ALL,ALL,LG,ALL
BATCH,ADD,PATH,230758225,LAKESIDE,All,ALL,ALL,LG,ALL
BATCH,ADD,PATH,230758239,LAKESIDE,All,ALL,ALL,LG,ALL
BATCH,ADD,PATH,230758258,LAKESIDE,All,ALL,ALL,LG,ALL
BATCH,ADD,PATH,230758033,LAKESIDE,All,ALL,ALL,LG,ALL
BATCH,ADD,PATH,230758055,LAKESIDE,All,ALL,ALL,LG,ALL
BATCH,ADD,PATH,230758024,LAKESIDE,All,ALL,ALL,LG,ALL
BATCH,ADD,PATH,230758049,LAKESIDE,All,ALL,ALL,LG,ALL
BATCH,ADD,PATH,230758041,LAKESIDE,All,ALL,ALL,LG,ALL
BATCH,ADD,PATH,230758044,LAKESIDE,All,ALL,ALL,LG,ALL
BATCH,ADD,PATH,230758000,LAKESIDE,All,ALL,ALL,LG,ALL
BATCH,ADD,PATH,230758023,LAKESIDE,All,ALL,ALL,LG,ALL
BATCH,ADD,PATH,230758028,LAKESIDE,All,ALL,ALL,LG,ALL
BATCH,ADD,PATH,230758076,LAKESIDE,All,ALL,ALL,LG,ALL
BATCH,ADD,PATH,230758047,LAKESIDE,All,ALL,ALL,LG,ALL
BATCH,ADD,PATH,230758060,LAKESIDE,All,ALL,ALL,LG,ALL
BATCH,ADD,PATH,230758198,LAKESIDE,All,ALL,ALL,LG,ALL
BATCH,ADD,PATH,230758037,LAKESIDE,All,ALL,ALL,LG,ALL
BATCH,ADD,PATH,230758068,LAKESIDE,All,ALL,ALL,LG,ALL
BATCH,ADD,PATH,230758085,LAKESIDE,All,ALL,ALL,LG,ALL
BATCH,ADD,PATH,230758035,LAKESIDE,All,ALL,ALL,LG,ALL
BATCH,ADD,PATH,230758071,LAKESIDE,All,ALL,ALL,LG,ALL
BATCH,ADD,PATH,230758203,LAKESIDE,All,ALL,ALL,LG,ALL
BATCH,ADD,PATH,230758059,LAKESIDE,All,ALL,ALL,LG,ALL
BATCH,ADD,PATH,230758046,LAKESIDE,All,ALL,ALL,LG,ALL
BATCH,ADD,PATH,230758083,LAKESIDE,All,ALL,ALL,LG,ALL
BATCH,ADD,PATH,230758054,LAKESIDE,All,ALL,ALL,LG,ALL
BATCH,ADD,PATH,230758031,LAKESIDE,All,ALL,ALL,LG,ALL
BATCH,ADD,PATH,230758080,LAKESIDE,All,ALL,ALL,LG,ALL
BATCH,ADD,PATH,230758078,LAKESIDE,All,ALL,ALL,LG,ALL
BATCH,ADD,PATH,230758200,LAKESIDE,All,ALL,ALL,LG,ALL
BATCH,ADD,PATH,230758030,LAKESIDE,All,ALL,ALL,LG,ALL
BATCH,ADD,PATH,230758269,LAKESIDE,All,ALL,ALL,LG,ALL
BATCH,ADD,PATH,230758210,LAKESIDE,All,ALL,ALL,LG,ALL
BATCH,ADD,PATH,230758069,LAKESIDE,All,ALL,ALL,LG,ALL
BATCH,ADD,PATH,230758195,LAKESIDE,All,ALL,ALL,LG,ALL
BATCH,ADD,PATH,230758209,LAKESIDE,All,ALL,ALL,LG,ALL
BATCH,ADD,PATH,230758192,LAKESIDE,All,ALL,ALL,LG,ALL
BATCH,ADD,PATH,230758214,LAKESIDE,All,ALL,ALL,LG,ALL
BATCH,ADD,PATH,230758190,LAKESIDE,All,ALL,ALL,LG,ALL
BATCH,ADD,PATH,230758081,LAKESIDE,All,ALL,ALL,LG,ALL
BATCH,ADD,PATH,230758061,LAKESIDE,All,ALL,ALL,LG,ALL
BATCH,ADD,PATH,230758064,LAKESIDE,All,ALL,ALL,LG,ALL
BATCH,ADD,PATH,230758230,LAKESIDE,All,ALL,ALL,LG,ALL
BATCH,ADD,PATH,230758038,LAKESIDE,All,ALL,ALL,LG,ALL
BATCH,ADD,PATH,230758079,LAKESIDE,All,ALL,ALL,LG,ALL
BATCH,ADD,PATH,230758011,LAKESIDE,All,ALL,ALL,LG,ALL
BATCH,ADD,PATH,230758072,LAKESIDE,All,ALL,ALL,LG,ALL
BATCH,ADD,PATH,230758039,LAKESIDE,All,ALL,ALL,LG,ALL
BATCH,ADD,PATH,230758067,LAKESIDE,All,ALL,ALL,LG,ALL
BATCH,ADD,PATH,230758029,LAKESIDE,All,ALL,ALL,LG,ALL
BATCH,ADD,PATH,230758040,LAKESIDE,All,ALL,ALL,LG,ALL
BATCH,ADD,PATH,230758022,LAKESIDE,All,ALL,ALL,LG,ALL
BATCH,ADD,PATH,230758052,LAKESIDE,All,ALL,ALL,LG,ALL
BATCH,ADD,PATH,230758062,LAKESIDE,All,ALL,ALL,LG,ALL
BATCH,ADD,PATH,230758018,LAKESIDE,All,ALL,ALL,LG,ALL
BATCH,ADD,PATH,230758036,LAKESIDE,All,ALL,ALL,LG,ALL
BATCH,ADD,PATH,230758048,LAKESIDE,All,ALL,ALL,LG,ALL
BATCH,ADD,PATH,230758243,LAKESIDE,All,ALL,ALL,LG,ALL
BATCH,ADD,PATH,230758027,LAKESIDE,All,ALL,ALL,LG,ALL
BATCH,ADD,PATH,230758004,LAKESIDE,All,ALL,ALL,LG,ALL
BATCH,ADD,PATH,230758070,LAKESIDE,All,ALL,ALL,LG,ALL
BATCH,ADD,PATH,230757996,LAKESIDE,All,ALL,ALL,LG,ALL
BATCH,ADD,PATH,230758016,LAKESIDE,All,ALL,ALL,LG,ALL
BATCH,ADD,PATH,230758058,LAKESIDE,All,ALL,ALL,LG,ALL
BATCH,ADD,PATH,230758065,LAKESIDE,All,ALL,ALL,LG,ALL
BATCH,ADD,PATH,230757986,LAKESIDE,All,ALL,ALL,LG,ALL
BATCH,ADD,PATH,230757999,LAKESIDE,All,ALL,ALL,LG,ALL
BATCH,ADD,PATH,230758045,LAKESIDE,All,ALL,ALL,LG,ALL
BATCH,ADD,PATH,230758042,LAKESIDE,All,ALL,ALL,LG,ALL
BATCH,ADD,PATH,230758010,LAKESIDE,All,ALL,ALL,LG,ALL
BATCH,ADD,PATH,230758013,LAKESIDE,All,ALL,ALL,LG,ALL
BATCH,ADD,PATH,230758012,LAKESIDE,All,ALL,ALL,LG,ALL
BATCH,ADD,PATH,230757995,LAKESIDE,All,ALL,ALL,LG,ALL
BATCH,ADD,PATH,230757997,LAKESIDE,All,ALL,ALL,LG,ALL
BATCH,ADD,PATH,230757993,LAKESIDE,All,ALL,ALL,LG,ALL
BATCH,ADD,PATH,230758050,LAKESIDE,All,ALL,ALL,LG,ALL
BATCH,ADD,PATH,230758032,LAKESIDE,All,ALL,ALL,LG,ALL
BATCH,ADD,PATH,230758056,LAKESIDE,All,ALL,ALL,LG,ALL
BATCH,ADD,PATH,230758002,LAKESIDE,All,ALL,ALL,LG,ALL
BATCH,ADD,PATH,230758082,LAKESIDE,All,ALL,ALL,LG,ALL
BATCH,ADD,PATH,230758005,LAKESIDE,All,ALL,ALL,LG,ALL
BATCH,ADD,PATH,230757988,LAKESIDE,All,ALL,ALL,LG,ALL
BATCH,ADD,PATH,230757991,LAKESIDE,All,ALL,ALL,LG,ALL
BATCH,ADD,PATH,230758007,LAKESIDE,All,ALL,ALL,LG,ALL
BATCH,ADD,PATH,230758019,LAKESIDE,All,ALL,ALL,LG,ALL
BATCH,ADD,PATH,230758176,LAKESIDE,All,ALL,ALL,LG,ALL
BATCH,ADD,PATH,230757987,LAKESIDE,All,ALL,ALL,LG,ALL
BATCH,ADD,PATH,230758134,LAKESIDE,All,ALL,ALL,LG,ALL
BATCH,ADD,PATH,230758003,LAKESIDE,All,ALL,ALL,LG,ALL
BATCH,ADD,PATH,230757994,LAKESIDE,All,ALL,ALL,LG,ALL
BATCH,ADD,PATH,230758132,LAKESIDE,All,ALL,ALL,LG,ALL
BATCH,ADD,PATH,230758172,LAKESIDE,All,ALL,ALL,LG,ALL
BATCH,ADD,PATH,230758034,LAKESIDE,All,ALL,ALL,LG,ALL
BATCH,ADD,PATH,230758001,LAKESIDE,All,ALL,ALL,LG,ALL
BATCH,ADD,PATH,230758025,LAKESIDE,All,ALL,ALL,LG,ALL
BATCH,ADD,PATH,230758075,LAKESIDE,All,ALL,ALL,LG,ALL
BATCH,ADD,PATH,230758015,LAKESIDE,All,ALL,ALL,LG,ALL
BATCH,ADD,PATH,230758008,LAKESIDE,All,ALL,ALL,LG,ALL
BATCH,ADD,PATH,230758151,LAKESIDE,All,ALL,ALL,LG,ALL
BATCH,ADD,PATH,230758162,LAKESIDE,All,ALL,ALL,LG,ALL
BATCH,ADD,PATH,230758131,LAKESIDE,All,ALL,ALL,LG,ALL
BATCH,ADD,PATH,230758170,LAKESIDE,All,ALL,ALL,LG,ALL
BATCH,ADD,PATH,230758146,LAKESIDE,All,ALL,ALL,LG,ALL
BATCH,ADD,PATH,230758175,LAKESIDE,All,ALL,ALL,LG,ALL
BATCH,ADD,PATH,230757989,LAKESIDE,All,ALL,ALL,LG,ALL
BATCH,ADD,PATH,230758168,LAKESIDE,All,ALL,ALL,LG,ALL
BATCH,ADD,PATH,230758166,LAKESIDE,All,ALL,ALL,LG,ALL
BATCH,ADD,PATH,230758171,LAKESIDE,All,ALL,ALL,LG,ALL
BATCH,ADD,PATH,230758183,LAKESIDE,All,ALL,ALL,LG,ALL
BATCH,ADD,PATH,230758169,LAKESIDE,All,ALL,ALL,LG,ALL
BATCH,ADD,PATH,230758090,LAKESIDE,All,ALL,ALL,LG,ALL
BATCH,ADD,PATH,230758091,LAKESIDE,All,ALL,ALL,LG,ALL
BATCH,ADD,PATH,230758173,LAKESIDE,All,ALL,ALL,LG,ALL
BATCH,ADD,PATH,230758167,LAKESIDE,All,ALL,ALL,LG,ALL
BATCH,ADD,PATH,230758100,LAKESIDE,All,ALL,ALL,LG,ALL
BATCH,ADD,PATH,230758149,LAKESIDE,All,ALL,ALL,LG,ALL
BATCH,ADD,PATH,230758101,LAKESIDE,All,ALL,ALL,LG,ALL
BATCH,ADD,PATH,230758088,LAKESIDE,All,ALL,ALL,LG,ALL
BATCH,ADD,PATH,230758133,LAKESIDE,All,ALL,ALL,LG,ALL
BATCH,ADD,PATH,230758140,LAKESIDE,All,ALL,ALL,LG,ALL
BATCH,ADD,PATH,230758161,LAKESIDE,All,ALL,ALL,LG,ALL
BATCH,ADD,PATH,230758117,LAKESIDE,All,ALL,ALL,LG,ALL
BATCH,ADD,PATH,230758087,LAKESIDE,All,ALL,ALL,LG,ALL
BATCH,ADD,PATH,230758020,LAKESIDE,All,ALL,ALL,LG,ALL
BATCH,ADD,PATH,230758136,LAKESIDE,All,ALL,ALL,LG,ALL
BATCH,ADD,PATH,230758125,LAKESIDE,All,ALL,ALL,LG,ALL
BATCH,ADD,PATH,230758096,LAKESIDE,All,ALL,ALL,LG,ALL
BATCH,ADD,PATH,230758138,LAKESIDE,All,ALL,ALL,LG,ALL
BATCH,ADD,PATH,230758102,LAKESIDE,All,ALL,ALL,LG,ALL
BATCH,ADD,PATH,230758123,LAKESIDE,All,ALL,ALL,LG,ALL
BATCH,ADD,PATH,230758141,LAKESIDE,All,ALL,ALL,LG,ALL
BATCH,ADD,PATH,230758097,LAKESIDE,All,ALL,ALL,LG,ALL
BATCH,ADD,PATH,230758156,LAKESIDE,All,ALL,ALL,LG,ALL
BATCH,ADD,PATH,230758135,LAKESIDE,All,ALL,ALL,LG,ALL
BATCH,ADD,PATH,230757992,LAKESIDE,All,ALL,ALL,LG,ALL
BATCH,ADD,PATH,230758105,LAKESIDE,All,ALL,ALL,LG,ALL
BATCH,ADD,PATH,230758114,LAKESIDE,All,ALL,ALL,LG,ALL
BATCH,ADD,PATH,230758104,LAKESIDE,All,ALL,ALL,LG,ALL
BATCH,ADD,PATH,230758086,LAKESIDE,All,ALL,ALL,LG,ALL
BATCH,ADD,PATH,230758113,LAKESIDE,All,ALL,ALL,LG,ALL
BATCH,ADD,PATH,230758128,LAKESIDE,All,ALL,ALL,LG,ALL
BATCH,ADD,PATH,230758109,LAKESIDE,All,ALL,ALL,LG,ALL
BATCH,ADD,PATH,230758142,LAKESIDE,All,ALL,ALL,LG,ALL
BATCH,ADD,PATH,230758127,LAKESIDE,All,ALL,ALL,LG,ALL
BATCH,ADD,PATH,230758014,LAKESIDE,All,ALL,ALL,LG,ALL
BATCH,ADD,PATH,230758144,LAKESIDE,All,ALL,ALL,LG,ALL
BATCH,ADD,PATH,230758112,LAKESIDE,All,ALL,ALL,LG,ALL
BATCH,ADD,PATH,230758121,LAKESIDE,All,ALL,ALL,LG,ALL
BATCH,ADD,PATH,230758137,LAKESIDE,All,ALL,ALL,LG,ALL
BATCH,ADD,PATH,230758092,LAKESIDE,All,ALL,ALL,LG,ALL
BATCH,ADD,PATH,230758099,LAKESIDE,All,ALL,ALL,LG,ALL
BATCH,ADD,PATH,230758124,LAKESIDE,All,ALL,ALL,LG,ALL
BATCH,ADD,PATH,230758119,LAKESIDE,All,ALL,ALL,LG,ALL
BATCH,ADD,PATH,230758106,LAKESIDE,All,ALL,ALL,LG,ALL
BATCH,ADD,PATH,230758122,LAKESIDE,All,ALL,ALL,LG,ALL
BATCH,ADD,PATH,230758164,LAKESIDE,All,ALL,ALL,LG,ALL
BATCH,ADD,PATH,230758154,LAKESIDE,All,ALL,ALL,LG,ALL
BATCH,ADD,PATH,230758178,LAKESIDE,All,ALL,ALL,LG,ALL
BATCH,ADD,PATH,230758157,LAKESIDE,All,ALL,ALL,LG,ALL
BATCH,ADD,PATH,230758139,LAKESIDE,All,ALL,ALL,LG,ALL
BATCH,ADD,PATH,230758179,LAKESIDE,All,ALL,ALL,LG,ALL
BATCH,ADD,PATH,230758143,LAKESIDE,All,ALL,ALL,LG,ALL
BATCH,ADD,PATH,230758160,LAKESIDE,All,ALL,ALL,LG,ALL
BATCH,ADD,PATH,230758095,LAKESIDE,All,ALL,ALL,LG,ALL
BATCH,ADD,PATH,230758155,LAKESIDE,All,ALL,ALL,LG,ALL
BATCH,ADD,PATH,230758118,LAKESIDE,All,ALL,ALL,LG,ALL
BATCH,ADD,PATH,230758107,LAKESIDE,All,ALL,ALL,LG,ALL
BATCH,ADD,PATH,230758103,LAKESIDE,All,ALL,ALL,LG,ALL
BATCH,ADD,PATH,230758174,LAKESIDE,All,ALL,ALL,LG,ALL
BATCH,ADD,PATH,230758147,LAKESIDE,All,ALL,ALL,LG,ALL
BATCH,ADD,PATH,230758094,LAKESIDE,All,ALL,ALL,LG,ALL
BATCH,ADD,PATH,230758129,LAKESIDE,All,ALL,ALL,LG,ALL
BATCH,ADD,PATH,230758116,LAKESIDE,All,ALL,ALL,LG,ALL
BATCH,ADD,PATH,230758115,LAKESIDE,All,ALL,ALL,LG,ALL
BATCH,ADD,PATH,230758148,LAKESIDE,All,ALL,ALL,LG,ALL
BATCH,ADD,PATH,230758108,LAKESIDE,All,ALL,ALL,LG,ALL
BATCH,ADD,PATH,230758111,LAKESIDE,All,ALL,ALL,LG,ALL
BATCH,ADD,PATH,230757831,LAKESIDE,All,ALL,ALL,LG,ALL
BATCH,ADD,PATH,230757835,LAKESIDE,All,ALL,ALL,LG,ALL
BATCH,ADD,PATH,230757884,LAKESIDE,All,ALL,ALL,LG,ALL
BATCH,ADD,PATH,230758130,LAKESIDE,All,ALL,ALL,LG,ALL
BATCH,ADD,PATH,230757838,LAKESIDE,All,ALL,ALL,LG,ALL
BATCH,ADD,PATH,230758145,LAKESIDE,All,ALL,ALL,LG,ALL
BATCH,ADD,PATH,230757828,LAKESIDE,All,ALL,ALL,LG,ALL
BATCH,ADD,PATH,230757830,LAKESIDE,All,ALL,ALL,LG,ALL
BATCH,ADD,PATH,230757818,LAKESIDE,All,ALL,ALL,LG,ALL
BATCH,ADD,PATH,230757847,LAKESIDE,All,ALL,ALL,LG,ALL
BATCH,ADD,PATH,230758152,LAKESIDE,All,ALL,ALL,LG,ALL
BATCH,ADD,PATH,230757856,LAKESIDE,All,ALL,ALL,LG,ALL
BATCH,ADD,PATH,230758089,LAKESIDE,All,ALL,ALL,LG,ALL
BATCH,ADD,PATH,230758009,LAKESIDE,All,ALL,ALL,LG,ALL
BATCH,ADD,PATH,230757815,LAKESIDE,All,ALL,ALL,LG,ALL
BATCH,ADD,PATH,230757875,LAKESIDE,All,ALL,ALL,LG,ALL
BATCH,ADD,PATH,230757880,LAKESIDE,All,ALL,ALL,LG,ALL
BATCH,ADD,PATH,230757873,LAKESIDE,All,ALL,ALL,LG,ALL
BATCH,ADD,PATH,230757863,LAKESIDE,All,ALL,ALL,LG,ALL
BATCH,ADD,PATH,230757853,LAKESIDE,All,ALL,ALL,LG,ALL
BATCH,ADD,PATH,230757864,LAKESIDE,All,ALL,ALL,LG,ALL
BATCH,ADD,PATH,230758093,LAKESIDE,All,ALL,ALL,LG,ALL
BATCH,ADD,PATH,230757849,LAKESIDE,All,ALL,ALL,LG,ALL
BATCH,ADD,PATH,230757816,LAKESIDE,All,ALL,ALL,LG,ALL
BATCH,ADD,PATH,230758182,LAKESIDE,All,ALL,ALL,LG,ALL
BATCH,ADD,PATH,230757872,LAKESIDE,All,ALL,ALL,LG,ALL
BATCH,ADD,PATH,230758006,LAKESIDE,All,ALL,ALL,LG,ALL
BATCH,ADD,PATH,230757883,LAKESIDE,All,ALL,ALL,LG,ALL
BATCH,ADD,PATH,230758165,LAKESIDE,All,ALL,ALL,LG,ALL
BATCH,ADD,PATH,230979970,LAKESIDE,All,ALL,ALL,LG,ALL
BATCH,ADD,PATH,230758057,LAKESIDE,All,ALL,ALL,LG,ALL
BATCH,ADD,PATH,230757843,LAKESIDE,All,ALL,ALL,LG,ALL
BATCH,ADD,PATH,230757867,LAKESIDE,All,ALL,ALL,LG,ALL
BATCH,ADD,PATH,230758184,LAKESIDE,All,ALL,ALL,LG,ALL
BATCH,ADD,PATH,230757859,LAKESIDE,All,ALL,ALL,LG,ALL
BATCH,ADD,PATH,230758153,LAKESIDE,All,ALL,ALL,LG,ALL
BATCH,ADD,PATH,230757857,LAKESIDE,All,ALL,ALL,LG,ALL
BATCH,ADD,PATH,230758126,LAKESIDE,All,ALL,ALL,LG,ALL
BATCH,ADD,PATH,230758181,LAKESIDE,All,ALL,ALL,LG,ALL
BATCH,ADD,PATH,230758180,LAKESIDE,All,ALL,ALL,LG,ALL
BATCH,ADD,PATH,230757870,LAKESIDE,All,ALL,ALL,LG,ALL
BATCH,ADD,PATH,230757837,LAKESIDE,All,ALL,ALL,LG,ALL
BATCH,ADD,PATH,230757793,LAKESIDE,All,ALL,ALL,LG,ALL
BATCH,ADD,PATH,230757834,LAKESIDE,All,ALL,ALL,LG,ALL
BATCH,ADD,PATH,230757866,LAKESIDE,All,ALL,ALL,LG,ALL
BATCH,ADD,PATH,230757885,LAKESIDE,All,ALL,ALL,LG,ALL
BATCH,ADD,PATH,230757832,LAKESIDE,All,ALL,ALL,LG,ALL
BATCH,ADD,PATH,230757868,LAKESIDE,All,ALL,ALL,LG,ALL
BATCH,ADD,PATH,230757842,LAKESIDE,All,ALL,ALL,LG,ALL
BATCH,ADD,PATH,230758177,LAKESIDE,All,ALL,ALL,LG,ALL
BATCH,ADD,PATH,230757787,LAKESIDE,All,ALL,ALL,LG,ALL
BATCH,ADD,PATH,230758026,LAKESIDE,All,ALL,ALL,LG,ALL
BATCH,ADD,PATH,230758163,LAKESIDE,All,ALL,ALL,LG,ALL
BATCH,ADD,PATH,230757877,LAKESIDE,All,ALL,ALL,LG,ALL
BATCH,ADD,PATH,230757817,LAKESIDE,All,ALL,ALL,LG,ALL
BATCH,ADD,PATH,230758158,LAKESIDE,All,ALL,ALL,LG,ALL
BATCH,ADD,PATH,230757858,LAKESIDE,All,ALL,ALL,LG,ALL
BATCH,ADD,PATH,230758110,LAKESIDE,All,ALL,ALL,LG,ALL
BATCH,ADD,PATH,230757998,LAKESIDE,All,ALL,ALL,LG,ALL
BATCH,ADD,PATH,230757878,LAKESIDE,All,ALL,ALL,LG,ALL
BATCH,ADD,PATH,230758021,LAKESIDE,All,ALL,ALL,LG,ALL
BATCH,ADD,PATH,230757879,LAKESIDE,All,ALL,ALL,LG,ALL
BATCH,ADD,PATH,230757874,LAKESIDE,All,ALL,ALL,LG,ALL
BATCH,ADD,PATH,230757861,LAKESIDE,All,ALL,ALL,LG,ALL
BATCH,ADD,PATH,230757792,LAKESIDE,All,ALL,ALL,LG,ALL
BATCH,ADD,PATH,230757882,LAKESIDE,All,ALL,ALL,LG,ALL
BATCH,ADD,PATH,230757862,LAKESIDE,All,ALL,ALL,LG,ALL
BATCH,ADD,PATH,230757871,LAKESIDE,All,ALL,ALL,LG,ALL
BATCH,ADD,PATH,230757860,LAKESIDE,All,ALL,ALL,LG,ALL
BATCH,ADD,PATH,230757869,LAKESIDE,All,ALL,ALL,LG,ALL
BATCH,ADD,PATH,230758159,LAKESIDE,All,ALL,ALL,LG,ALL
BATCH,ADD,PATH,230758098,LAKESIDE,All,ALL,ALL,LG,ALL
BATCH,ADD,PATH,230757789,LAKESIDE,All,ALL,ALL,LG,ALL
BATCH,ADD,PATH,230757810,LAKESIDE,All,ALL,ALL,LG,ALL
BATCH,ADD,PATH,230757865,LAKESIDE,All,ALL,ALL,LG,ALL
BATCH,ADD,PATH,230757804,LAKESIDE,All,ALL,ALL,LG,ALL
BATCH,ADD,PATH,230757881,LAKESIDE,All,ALL,ALL,LG,ALL
BATCH,ADD,PATH,230758150,LAKESIDE,All,ALL,ALL,LG,ALL
BATCH,ADD,PATH,230757822,LAKESIDE,All,ALL,ALL,LG,ALL
BATCH,ADD,PATH,230757797,LAKESIDE,All,ALL,ALL,LG,ALL
BATCH,ADD,PATH,230757794,LAKESIDE,All,ALL,ALL,LG,ALL
BATCH,ADD,PATH,230757846,LAKESIDE,All,ALL,ALL,LG,ALL
BATCH,ADD,PATH,230757786,LAKESIDE,All,ALL,ALL,LG,ALL
BATCH,ADD,PATH,230757852,LAKESIDE,All,ALL,ALL,LG,ALL
BATCH,ADD,PATH,230757809,LAKESIDE,All,ALL,ALL,LG,ALL
BATCH,ADD,PATH,230757811,LAKESIDE,All,ALL,ALL,LG,ALL
BATCH,ADD,PATH,230757819,LAKESIDE,All,ALL,ALL,LG,ALL
BATCH,ADD,PATH,230757821,LAKESIDE,All,ALL,ALL,LG,ALL
BATCH,ADD,PATH,230757836,LAKESIDE,All,ALL,ALL,LG,ALL
BATCH,ADD,PATH,230757790,LAKESIDE,All,ALL,ALL,LG,ALL
BATCH,ADD,PATH,230757845,LAKESIDE,All,ALL,ALL,LG,ALL
BATCH,ADD,PATH,230757851,LAKESIDE,All,ALL,ALL,LG,ALL
BATCH,ADD,PATH,230757795,LAKESIDE,All,ALL,ALL,LG,ALL
BATCH,ADD,PATH,230757796,LAKESIDE,All,ALL,ALL,LG,ALL
BATCH,ADD,PATH,230757848,LAKESIDE,All,ALL,ALL,LG,ALL
BATCH,ADD,PATH,230757990,LAKESIDE,All,ALL,ALL,LG,ALL
BATCH,ADD,PATH,230757806,LAKESIDE,All,ALL,ALL,LG,ALL
BATCH,ADD,PATH,230758051,LAKESIDE,All,ALL,ALL,LG,ALL
BATCH,ADD,PATH,230757826,LAKESIDE,All,ALL,ALL,LG,ALL
BATCH,ADD,PATH,230757801,LAKESIDE,All,ALL,ALL,LG,ALL
BATCH,ADD,PATH,230757798,LAKESIDE,All,ALL,ALL,LG,ALL
BATCH,ADD,PATH,230757850,LAKESIDE,All,ALL,ALL,LG,ALL
BATCH,ADD,PATH,230757844,LAKESIDE,All,ALL,ALL,LG,ALL
BATCH,ADD,PATH,230757840,LAKESIDE,All,ALL,ALL,LG,ALL
BATCH,ADD,PATH,230757788,LAKESIDE,All,ALL,ALL,LG,ALL
BATCH,ADD,PATH,230757813,LAKESIDE,All,ALL,ALL,LG,ALL
BATCH,ADD,PATH,230757820,LAKESIDE,All,ALL,ALL,LG,ALL
BATCH,ADD,PATH,230758120,LAKESIDE,All,ALL,ALL,LG,ALL
BATCH,ADD,PATH,230757824,LAKESIDE,All,ALL,ALL,LG,ALL
BATCH,ADD,PATH,230758185,LAKESIDE,All,ALL,ALL,LG,ALL
BATCH,ADD,PATH,230757854,LAKESIDE,All,ALL,ALL,LG,ALL
BATCH,ADD,PATH,230758073,LAKESIDE,All,ALL,ALL,LG,ALL
BATCH,ADD,PATH,230757855,LAKESIDE,All,ALL,ALL,LG,ALL
BATCH,ADD,PATH,230757833,LAKESIDE,All,ALL,ALL,LG,ALL
BATCH,ADD,PATH,230757825,LAKESIDE,All,ALL,ALL,LG,ALL
BATCH,ADD,PATH,230757814,LAKESIDE,All,ALL,ALL,LG,ALL
BATCH,ADD,PATH,230757829,LAKESIDE,All,ALL,ALL,LG,ALL
BATCH,ADD,PATH,230757839,LAKESIDE,All,ALL,ALL,LG,ALL
BATCH,ADD,PATH,230758063,LAKESIDE,All,ALL,ALL,LG,ALL
BATCH,ADD,PATH,230757807,LAKESIDE,All,ALL,ALL,LG,ALL
BATCH,ADD,PATH,230955624,LAKESIDE,All,ALL,ALL,LG,ALL
BATCH,ADD,PATH,230955639,LAKESIDE,All,ALL,ALL,LG,ALL
BATCH,ADD,PATH,230955617,LAKESIDE,All,ALL,ALL,LG,ALL
BATCH,ADD,PATH,230757812,LAKESIDE,All,ALL,ALL,LG,ALL
BATCH,ADD,PATH,230955615,LAKESIDE,All,ALL,ALL,LG,ALL
BATCH,ADD,PATH,230955638,LAKESIDE,All,ALL,ALL,LG,ALL
BATCH,ADD,PATH,230757841,LAKESIDE,All,ALL,ALL,LG,ALL
BATCH,ADD,PATH,230757803,LAKESIDE,All,ALL,ALL,LG,ALL
BATCH,ADD,PATH,230757802,LAKESIDE,All,ALL,ALL,LG,ALL
BATCH,ADD,PATH,230955645,LAKESIDE,All,ALL,ALL,LG,ALL
BATCH,ADD,PATH,230757791,LAKESIDE,All,ALL,ALL,LG,ALL
BATCH,ADD,PATH,230955623,LAKESIDE,All,ALL,ALL,LG,ALL
BATCH,ADD,PATH,230955619,LAKESIDE,All,ALL,ALL,LG,ALL
BATCH,ADD,PATH,230955605,LAKESIDE,All,ALL,ALL,LG,ALL
BATCH,ADD,PATH,230955613,LAKESIDE,All,ALL,ALL,LG,ALL
BATCH,ADD,PATH,230955616,LAKESIDE,All,ALL,ALL,LG,ALL
BATCH,ADD,PATH,230955594,LAKESIDE,All,ALL,ALL,LG,ALL
BATCH,ADD,PATH,230955607,LAKESIDE,All,ALL,ALL,LG,ALL
BATCH,ADD,PATH,230955603,LAKESIDE,All,ALL,ALL,LG,ALL
BATCH,ADD,PATH,230955618,LAKESIDE,All,ALL,ALL,LG,ALL
BATCH,ADD,PATH,230955588,LAKESIDE,All,ALL,ALL,LG,ALL
BATCH,ADD,PATH,230955602,LAKESIDE,All,ALL,ALL,LG,ALL
BATCH,ADD,PATH,230955572,LAKESIDE,All,ALL,ALL,LG,ALL
BATCH,ADD,PATH,230955640,LAKESIDE,All,ALL,ALL,LG,ALL
BATCH,ADD,PATH,230757799,LAKESIDE,All,ALL,ALL,LG,ALL
BATCH,ADD,PATH,230955642,LAKESIDE,All,ALL,ALL,LG,ALL
BATCH,ADD,PATH,230955629,LAKESIDE,All,ALL,ALL,LG,ALL
BATCH,ADD,PATH,230955633,LAKESIDE,All,ALL,ALL,LG,ALL
BATCH,ADD,PATH,230955632,LAKESIDE,All,ALL,ALL,LG,ALL
BATCH,ADD,PATH,230955622,LAKESIDE,All,ALL,ALL,LG,ALL
BATCH,ADD,PATH,230955608,LAKESIDE,All,ALL,ALL,LG,ALL
BATCH,ADD,PATH,230955593,LAKESIDE,All,ALL,ALL,LG,ALL
BATCH,ADD,PATH,230955635,LAKESIDE,All,ALL,ALL,LG,ALL
BATCH,ADD,PATH,230955625,LAKESIDE,All,ALL,ALL,LG,ALL
BATCH,ADD,PATH,230955636,LAKESIDE,All,ALL,ALL,LG,ALL
BATCH,ADD,PATH,230955641,LAKESIDE,All,ALL,ALL,LG,ALL
BATCH,ADD,PATH,230955571,LAKESIDE,All,ALL,ALL,LG,ALL
BATCH,ADD,PATH,230955643,LAKESIDE,All,ALL,ALL,LG,ALL
BATCH,ADD,PATH,230955609,LAKESIDE,All,ALL,ALL,LG,ALL
BATCH,ADD,PATH,230955627,LAKESIDE,All,ALL,ALL,LG,ALL
BATCH,ADD,PATH,230955620,LAKESIDE,All,ALL,ALL,LG,ALL
BATCH,ADD,PATH,230955644,LAKESIDE,All,ALL,ALL,LG,ALL
BATCH,ADD,PATH,230757827,LAKESIDE,All,ALL,ALL,LG,ALL
BATCH,ADD,PATH,230955614,LAKESIDE,All,ALL,ALL,LG,ALL
BATCH,ADD,PATH,230955598,LAKESIDE,All,ALL,ALL,LG,ALL
BATCH,ADD,PATH,230955610,LAKESIDE,All,ALL,ALL,LG,ALL
BATCH,ADD,PATH,230955600,LAKESIDE,All,ALL,ALL,LG,ALL
BATCH,ADD,PATH,230955628,LAKESIDE,All,ALL,ALL,LG,ALL
BATCH,ADD,PATH,230955631,LAKESIDE,All,ALL,ALL,LG,ALL
BATCH,ADD,PATH,230955586,LAKESIDE,All,ALL,ALL,LG,ALL
BATCH,ADD,PATH,230955584,LAKESIDE,All,ALL,ALL,LG,ALL
BATCH,ADD,PATH,230955590,LAKESIDE,All,ALL,ALL,LG,ALL
BATCH,ADD,PATH,230955630,LAKESIDE,All,ALL,ALL,LG,ALL
BATCH,ADD,PATH,230757805,LAKESIDE,All,ALL,ALL,LG,ALL
BATCH,ADD,PATH,230955577,LAKESIDE,All,ALL,ALL,LG,ALL
BATCH,ADD,PATH,230955601,LAKESIDE,All,ALL,ALL,LG,ALL
BATCH,ADD,PATH,230955581,LAKESIDE,All,ALL,ALL,LG,ALL
BATCH,ADD,PATH,230955606,LAKESIDE,All,ALL,ALL,LG,ALL
BATCH,ADD,PATH,230955595,LAKESIDE,All,ALL,ALL,LG,ALL
BATCH,ADD,PATH,230955560,LAKESIDE,All,ALL,ALL,LG,ALL
BATCH,ADD,PATH,230955580,LAKESIDE,All,ALL,ALL,LG,ALL
BATCH,ADD,PATH,230955626,LAKESIDE,All,ALL,ALL,LG,ALL
BATCH,ADD,PATH,230955604,LAKESIDE,All,ALL,ALL,LG,ALL
BATCH,ADD,PATH,230955621,LAKESIDE,All,ALL,ALL,LG,ALL
BATCH,ADD,PATH,230955561,LAKESIDE,All,ALL,ALL,LG,ALL
BATCH,ADD,PATH,230955596,LAKESIDE,All,ALL,ALL,LG,ALL
BATCH,ADD,PATH,230955612,LAKESIDE,All,ALL,ALL,LG,ALL
BATCH,ADD,PATH,230955597,LAKESIDE,All,ALL,ALL,LG,ALL
BATCH,ADD,PATH,230955558,LAKESIDE,All,ALL,ALL,LG,ALL
BATCH,ADD,PATH,230955546,LAKESIDE,All,ALL,ALL,LG,ALL
BATCH,ADD,PATH,230955556,LAKESIDE,All,ALL,ALL,LG,ALL
BATCH,ADD,PATH,230955549,LAKESIDE,All,ALL,ALL,LG,ALL
BATCH,ADD,PATH,230955573,LAKESIDE,All,ALL,ALL,LG,ALL
BATCH,ADD,PATH,230757800,LAKESIDE,All,ALL,ALL,LG,ALL
BATCH,ADD,PATH,230955568,LAKESIDE,All,ALL,ALL,LG,ALL
BATCH,ADD,PATH,230955563,LAKESIDE,All,ALL,ALL,LG,ALL
BATCH,ADD,PATH,230955575,LAKESIDE,All,ALL,ALL,LG,ALL
BATCH,ADD,PATH,230955567,LAKESIDE,All,ALL,ALL,LG,ALL
BATCH,ADD,PATH,230955565,LAKESIDE,All,ALL,ALL,LG,ALL
BATCH,ADD,PATH,230955566,LAKESIDE,All,ALL,ALL,LG,ALL
BATCH,ADD,PATH,230955547,LAKESIDE,All,ALL,ALL,LG,ALL
BATCH,ADD,PATH,230955554,LAKESIDE,All,ALL,ALL,LG,ALL
BATCH,ADD,PATH,230955611,LAKESIDE,All,ALL,ALL,LG,ALL
BATCH,ADD,PATH,230955559,LAKESIDE,All,ALL,ALL,LG,ALL
BATCH,ADD,PATH,230955587,LAKESIDE,All,ALL,ALL,LG,ALL
BATCH,ADD,PATH,230955564,LAKESIDE,All,ALL,ALL,LG,ALL
BATCH,ADD,PATH,230955574,LAKESIDE,All,ALL,ALL,LG,ALL
BATCH,ADD,PATH,230955570,LAKESIDE,All,ALL,ALL,LG,ALL
BATCH,ADD,PATH,230955550,LAKESIDE,All,ALL,ALL,LG,ALL
BATCH,ADD,PATH,230957326,LAKESIDE,All,ALL,ALL,LG,ALL
BATCH,ADD,PATH,230957305,LAKESIDE,All,ALL,ALL,LG,ALL
BATCH,ADD,PATH,230955555,LAKESIDE,All,ALL,ALL,LG,ALL
BATCH,ADD,PATH,230955551,LAKESIDE,All,ALL,ALL,LG,ALL
BATCH,ADD,PATH,230957289,LAKESIDE,All,ALL,ALL,LG,ALL
BATCH,ADD,PATH,230957325,LAKESIDE,All,ALL,ALL,LG,ALL
BATCH,ADD,PATH,230957320,LAKESIDE,All,ALL,ALL,LG,ALL
BATCH,ADD,PATH,230957323,LAKESIDE,All,ALL,ALL,LG,ALL
BATCH,ADD,PATH,230955589,LAKESIDE,All,ALL,ALL,LG,ALL
BATCH,ADD,PATH,230955576,LAKESIDE,All,ALL,ALL,LG,ALL
BATCH,ADD,PATH,230955562,LAKESIDE,All,ALL,ALL,LG,ALL
BATCH,ADD,PATH,230955579,LAKESIDE,All,ALL,ALL,LG,ALL
BATCH,ADD,PATH,230955592,LAKESIDE,All,ALL,ALL,LG,ALL
BATCH,ADD,PATH,230955583,LAKESIDE,All,ALL,ALL,LG,ALL
BATCH,ADD,PATH,230757823,LAKESIDE,All,ALL,ALL,LG,ALL
BATCH,ADD,PATH,230957311,LAKESIDE,All,ALL,ALL,LG,ALL
BATCH,ADD,PATH,230955582,LAKESIDE,All,ALL,ALL,LG,ALL
BATCH,ADD,PATH,230955569,LAKESIDE,All,ALL,ALL,LG,ALL
BATCH,ADD,PATH,230957336,LAKESIDE,All,ALL,ALL,LG,ALL
BATCH,ADD,PATH,230957321,LAKESIDE,All,ALL,ALL,LG,ALL
BATCH,ADD,PATH,230957298,LAKESIDE,All,ALL,ALL,LG,ALL
BATCH,ADD,PATH,230957344,LAKESIDE,All,ALL,ALL,LG,ALL
BATCH,ADD,PATH,230957287,LAKESIDE,All,ALL,ALL,LG,ALL
BATCH,ADD,PATH,230957309,LAKESIDE,All,ALL,ALL,LG,ALL
BATCH,ADD,PATH,230955591,LAKESIDE,All,ALL,ALL,LG,ALL
BATCH,ADD,PATH,230957308,LAKESIDE,All,ALL,ALL,LG,ALL
BATCH,ADD,PATH,230955585,LAKESIDE,All,ALL,ALL,LG,ALL
BATCH,ADD,PATH,230757808,LAKESIDE,All,ALL,ALL,LG,ALL
BATCH,ADD,PATH,230757876,LAKESIDE,All,ALL,ALL,LG,ALL
BATCH,ADD,PATH,230955637,LAKESIDE,All,ALL,ALL,LG,ALL
BATCH,ADD,PATH,230957316,LAKESIDE,All,ALL,ALL,LG,ALL
BATCH,ADD,PATH,230955578,LAKESIDE,All,ALL,ALL,LG,ALL
BATCH,ADD,PATH,230957318,LAKESIDE,All,ALL,ALL,LG,ALL
BATCH,ADD,PATH,230955548,LAKESIDE,All,ALL,ALL,LG,ALL
BATCH,ADD,PATH,230957335,LAKESIDE,All,ALL,ALL,LG,ALL
BATCH,ADD,PATH,230955599,LAKESIDE,All,ALL,ALL,LG,ALL
BATCH,ADD,PATH,230957341,LAKESIDE,All,ALL,ALL,LG,ALL
BATCH,ADD,PATH,230957328,LAKESIDE,All,ALL,ALL,LG,ALL
BATCH,ADD,PATH,230957331,LAKESIDE,All,ALL,ALL,LG,ALL
BATCH,ADD,PATH,230957279,LAKESIDE,All,ALL,ALL,LG,ALL
BATCH,ADD,PATH,230957268,LAKESIDE,All,ALL,ALL,LG,ALL
BATCH,ADD,PATH,230957324,LAKESIDE,All,ALL,ALL,LG,ALL
BATCH,ADD,PATH,230957329,LAKESIDE,All,ALL,ALL,LG,ALL
BATCH,ADD,PATH,230957345,LAKESIDE,All,ALL,ALL,LG,ALL
BATCH,ADD,PATH,230957327,LAKESIDE,All,ALL,ALL,LG,ALL
BATCH,ADD,PATH,230955552,LAKESIDE,All,ALL,ALL,LG,ALL
BATCH,ADD,PATH,230957283,LAKESIDE,All,ALL,ALL,LG,ALL
BATCH,ADD,PATH,230957300,LAKESIDE,All,ALL,ALL,LG,ALL
BATCH,ADD,PATH,230957310,LAKESIDE,All,ALL,ALL,LG,ALL
BATCH,ADD,PATH,230957340,LAKESIDE,All,ALL,ALL,LG,ALL
BATCH,ADD,PATH,230957338,LAKESIDE,All,ALL,ALL,LG,ALL
BATCH,ADD,PATH,230957313,LAKESIDE,All,ALL,ALL,LG,ALL
BATCH,ADD,PATH,230957337,LAKESIDE,All,ALL,ALL,LG,ALL
BATCH,ADD,PATH,230957270,LAKESIDE,All,ALL,ALL,LG,ALL
BATCH,ADD,PATH,230957315,LAKESIDE,All,ALL,ALL,LG,ALL
BATCH,ADD,PATH,230957342,LAKESIDE,All,ALL,ALL,LG,ALL
BATCH,ADD,PATH,230957330,LAKESIDE,All,ALL,ALL,LG,ALL
BATCH,ADD,PATH,230957339,LAKESIDE,All,ALL,ALL,LG,ALL
BATCH,ADD,PATH,230957334,LAKESIDE,All,ALL,ALL,LG,ALL
BATCH,ADD,PATH,230957319,LAKESIDE,All,ALL,ALL,LG,ALL
BATCH,ADD,PATH,230955634,LAKESIDE,All,ALL,ALL,LG,ALL
BATCH,ADD,PATH,230957343,LAKESIDE,All,ALL,ALL,LG,ALL
BATCH,ADD,PATH,230957314,LAKESIDE,All,ALL,ALL,LG,ALL
BATCH,ADD,PATH,230957255,LAKESIDE,All,ALL,ALL,LG,ALL
BATCH,ADD,PATH,230957322,LAKESIDE,All,ALL,ALL,LG,ALL
BATCH,ADD,PATH,230957297,LAKESIDE,All,ALL,ALL,LG,ALL
BATCH,ADD,PATH,230957312,LAKESIDE,All,ALL,ALL,LG,ALL
BATCH,ADD,PATH,230957286,LAKESIDE,All,ALL,ALL,LG,ALL
BATCH,ADD,PATH,230957302,LAKESIDE,All,ALL,ALL,LG,ALL
BATCH,ADD,PATH,230957294,LAKESIDE,All,ALL,ALL,LG,ALL
BATCH,ADD,PATH,230957258,LAKESIDE,All,ALL,ALL,LG,ALL
BATCH,ADD,PATH,230957262,LAKESIDE,All,ALL,ALL,LG,ALL
BATCH,ADD,PATH,230957250,LAKESIDE,All,ALL,ALL,LG,ALL
BATCH,ADD,PATH,230957291,LAKESIDE,All,ALL,ALL,LG,ALL
BATCH,ADD,PATH,230957277,LAKESIDE,All,ALL,ALL,LG,ALL
BATCH,ADD,PATH,230957293,LAKESIDE,All,ALL,ALL,LG,ALL
BATCH,ADD,PATH,230957301,LAKESIDE,All,ALL,ALL,LG,ALL
BATCH,ADD,PATH,230957252,LAKESIDE,All,ALL,ALL,LG,ALL
BATCH,ADD,PATH,230957276,LAKESIDE,All,ALL,ALL,LG,ALL
BATCH,ADD,PATH,230957260,LAKESIDE,All,ALL,ALL,LG,ALL
BATCH,ADD,PATH,230957261,LAKESIDE,All,ALL,ALL,LG,ALL
BATCH,ADD,PATH,230957266,LAKESIDE,All,ALL,ALL,LG,ALL
BATCH,ADD,PATH,230957249,LAKESIDE,All,ALL,ALL,LG,ALL
BATCH,ADD,PATH,230957253,LAKESIDE,All,ALL,ALL,LG,ALL
BATCH,ADD,PATH,230957285,LAKESIDE,All,ALL,ALL,LG,ALL
BATCH,ADD,PATH,230957332,LAKESIDE,All,ALL,ALL,LG,ALL
BATCH,ADD,PATH,230955553,LAKESIDE,All,ALL,ALL,LG,ALL
BATCH,ADD,PATH,230957299,LAKESIDE,All,ALL,ALL,LG,ALL
BATCH,ADD,PATH,230957282,LAKESIDE,All,ALL,ALL,LG,ALL
BATCH,ADD,PATH,230957278,LAKESIDE,All,ALL,ALL,LG,ALL
BATCH,ADD,PATH,230957248,LAKESIDE,All,ALL,ALL,LG,ALL
BATCH,ADD,PATH,230957267,LAKESIDE,All,ALL,ALL,LG,ALL
BATCH,ADD,PATH,230957303,LAKESIDE,All,ALL,ALL,LG,ALL
BATCH,ADD,PATH,230957247,LAKESIDE,All,ALL,ALL,LG,ALL
BATCH,ADD,PATH,230957317,LAKESIDE,All,ALL,ALL,LG,ALL
BATCH,ADD,PATH,230957272,LAKESIDE,All,ALL,ALL,LG,ALL
BATCH,ADD,PATH,230957296,LAKESIDE,All,ALL,ALL,LG,ALL
BATCH,ADD,PATH,230957254,LAKESIDE,All,ALL,ALL,LG,ALL
BATCH,ADD,PATH,230957304,LAKESIDE,All,ALL,ALL,LG,ALL
BATCH,ADD,PATH,230957307,LAKESIDE,All,ALL,ALL,LG,ALL
BATCH,ADD,PATH,230957271,LAKESIDE,All,ALL,ALL,LG,ALL
BATCH,ADD,PATH,230957256,LAKESIDE,All,ALL,ALL,LG,ALL
BATCH,ADD,PATH,230957273,LAKESIDE,All,ALL,ALL,LG,ALL
BATCH,ADD,PATH,230957259,LAKESIDE,All,ALL,ALL,LG,ALL
BATCH,ADD,PATH,230955027,LAKESIDE,All,ALL,ALL,LG,ALL
BATCH,ADD,PATH,230957251,LAKESIDE,All,ALL,ALL,LG,ALL
BATCH,ADD,PATH,230957281,LAKESIDE,All,ALL,ALL,LG,ALL
BATCH,ADD,PATH,230955045,LAKESIDE,All,ALL,ALL,LG,ALL
BATCH,ADD,PATH,230957274,LAKESIDE,All,ALL,ALL,LG,ALL
BATCH,ADD,PATH,230957295,LAKESIDE,All,ALL,ALL,LG,ALL
BATCH,ADD,PATH,230957264,LAKESIDE,All,ALL,ALL,LG,ALL
BATCH,ADD,PATH,230957275,LAKESIDE,All,ALL,ALL,LG,ALL
BATCH,ADD,PATH,230955557,LAKESIDE,All,ALL,ALL,LG,ALL
BATCH,ADD,PATH,230957288,LAKESIDE,All,ALL,ALL,LG,ALL
BATCH,ADD,PATH,230955021,LAKESIDE,All,ALL,ALL,LG,ALL
BATCH,ADD,PATH,230955024,LAKESIDE,All,ALL,ALL,LG,ALL
BATCH,ADD,PATH,230957290,LAKESIDE,All,ALL,ALL,LG,ALL
BATCH,ADD,PATH,230957257,LAKESIDE,All,ALL,ALL,LG,ALL
BATCH,ADD,PATH,230955019,LAKESIDE,All,ALL,ALL,LG,ALL
BATCH,ADD,PATH,230955029,LAKESIDE,All,ALL,ALL,LG,ALL
BATCH,ADD,PATH,230955022,LAKESIDE,All,ALL,ALL,LG,ALL
BATCH,ADD,PATH,230955001,LAKESIDE,All,ALL,ALL,LG,ALL
BATCH,ADD,PATH,230955023,LAKESIDE,All,ALL,ALL,LG,ALL
BATCH,ADD,PATH,230957246,LAKESIDE,All,ALL,ALL,LG,ALL
BATCH,ADD,PATH,230955042,LAKESIDE,All,ALL,ALL,LG,ALL
BATCH,ADD,PATH,230955002,LAKESIDE,All,ALL,ALL,LG,ALL
BATCH,ADD,PATH,230955004,LAKESIDE,All,ALL,ALL,LG,ALL
BATCH,ADD,PATH,230955005,LAKESIDE,All,ALL,ALL,LG,ALL
BATCH,ADD,PATH,230955032,LAKESIDE,All,ALL,ALL,LG,ALL
BATCH,ADD,PATH,230955039,LAKESIDE,All,ALL,ALL,LG,ALL
BATCH,ADD,PATH,230955007,LAKESIDE,All,ALL,ALL,LG,ALL
BATCH,ADD,PATH,230955031,LAKESIDE,All,ALL,ALL,LG,ALL
BATCH,ADD,PATH,230955033,LAKESIDE,All,ALL,ALL,LG,ALL
BATCH,ADD,PATH,230955018,LAKESIDE,All,ALL,ALL,LG,ALL
BATCH,ADD,PATH,230955016,LAKESIDE,All,ALL,ALL,LG,ALL
BATCH,ADD,PATH,230955035,LAKESIDE,All,ALL,ALL,LG,ALL
BATCH,ADD,PATH,230955044,LAKESIDE,All,ALL,ALL,LG,ALL
BATCH,ADD,PATH,230955012,LAKESIDE,All,ALL,ALL,LG,ALL
BATCH,ADD,PATH,230957333,LAKESIDE,All,ALL,ALL,LG,ALL
BATCH,ADD,PATH,220344229,LAKESIDE,All,ALL,ALL,LG,ALL
BATCH,ADD,PATH,220344256,LAKESIDE,All,ALL,ALL,LG,ALL
BATCH,ADD,PATH,230955015,LAKESIDE,All,ALL,ALL,LG,ALL
BATCH,ADD,PATH,230957280,LAKESIDE,All,ALL,ALL,LG,ALL
BATCH,ADD,PATH,230955003,LAKESIDE,All,ALL,ALL,LG,ALL
BATCH,ADD,PATH,230955025,LAKESIDE,All,ALL,ALL,LG,ALL
BATCH,ADD,PATH,230955010,LAKESIDE,All,ALL,ALL,LG,ALL
BATCH,ADD,PATH,220344267,LAKESIDE,All,ALL,ALL,LG,ALL
BATCH,ADD,PATH,220344233,LAKESIDE,All,ALL,ALL,LG,ALL
BATCH,ADD,PATH,230955040,LAKESIDE,All,ALL,ALL,LG,ALL
BATCH,ADD,PATH,230955008,LAKESIDE,All,ALL,ALL,LG,ALL
BATCH,ADD,PATH,230955043,LAKESIDE,All,ALL,ALL,LG,ALL
BATCH,ADD,PATH,230955006,LAKESIDE,All,ALL,ALL,LG,ALL
BATCH,ADD,PATH,230955013,LAKESIDE,All,ALL,ALL,LG,ALL
BATCH,ADD,PATH,230955009,LAKESIDE,All,ALL,ALL,LG,ALL
BATCH,ADD,PATH,230955030,LAKESIDE,All,ALL,ALL,LG,ALL
BATCH,ADD,PATH,230955017,LAKESIDE,All,ALL,ALL,LG,ALL
BATCH,ADD,PATH,230955011,LAKESIDE,All,ALL,ALL,LG,ALL
BATCH,ADD,PATH,230955020,LAKESIDE,All,ALL,ALL,LG,ALL
BATCH,ADD,PATH,230955034,LAKESIDE,All,ALL,ALL,LG,ALL
BATCH,ADD,PATH,220344231,LAKESIDE,All,ALL,ALL,LG,ALL
BATCH,ADD,PATH,220344235,LAKESIDE,All,ALL,ALL,LG,ALL
BATCH,ADD,PATH,230957263,LAKESIDE,All,ALL,ALL,LG,ALL
BATCH,ADD,PATH,230955036,LAKESIDE,All,ALL,ALL,LG,ALL
BATCH,ADD,PATH,230957284,LAKESIDE,All,ALL,ALL,LG,ALL
BATCH,ADD,PATH,230955041,LAKESIDE,All,ALL,ALL,LG,ALL
BATCH,ADD,PATH,230955038,LAKESIDE,All,ALL,ALL,LG,ALL
BATCH,ADD,PATH,220344260,LAKESIDE,All,ALL,ALL,LG,ALL
BATCH,ADD,PATH,230957306,LAKESIDE,All,ALL,ALL,LG,ALL
BATCH,ADD,PATH,19092017,LAKESIDE,All,ALL,ALL,LG,ALL
BATCH,ADD,PATH,16406165,LAKESIDE,All,ALL,ALL,LG,ALL
